"start_year","start_month","start_day","end_year","end_month","end_day","latitude","longitude","end_date","start_date","days_between","num_earthquakes_before_erupt","exp_num_earthquakes_before_erupt"
2020,3,23,2020,4,2,1.112,124.737,2020-04-02,2020-03-23,10,1,0.367879441171442
2020,2,22,2020,2,22,13.434,-88.269,2020-02-22,2020-02-22,0,1,0.367879441171442
2020,2,10,2020,4,6,-21.244,55.708,2020-04-06,2020-02-10,56,0,0
2020,1,31,2020,4,17,10.83,-85.324,2020-04-17,2020-01-31,77,0,0
2020,1,12,2020,1,12,-0.37,-91.55,2020-01-12,2020-01-12,0,1,0.367879441171442
2020,1,12,2020,1,22,14.002,120.993,2020-01-22,2020-01-12,10,4,0.0732625555549367
2020,1,11,2020,4,17,30.443,130.217,2020-04-17,2020-01-11,97,3,0.149361205103592
2019,12,9,2019,12,9,-37.52,177.18,2019-12-09,2019-12-09,0,1,0.367879441171442
2019,12,7,2020,3,15,51.93,179.58,2020-03-15,2019-12-07,99,0,0
2019,12,5,2020,4,17,27.247,140.874,2020-04-17,2019-12-05,134,0,0
2019,11,7,2019,12,7,52.825,-169.944,2019-12-07,2019-11-07,30,3,0.149361205103592
2019,11,2,2020,4,16,30.793,130.305,2020-04-16,2019-11-02,166,2,0.270670566473225
2019,10,24,2020,4,17,56.056,160.642,2020-04-17,2019-10-24,176,1,0.367879441171442
2019,10,13,2019,10,22,-19.18,-174.87,2019-10-22,2019-10-13,9,1,0.367879441171442
2019,8,7,2019,8,25,36.406,138.523,2019-08-25,2019-08-07,18,0,0
2019,8,2,2019,11,12,-37.856,-71.183,2019-11-12,2019-08-02,102,1,0.367879441171442
2019,7,26,2019,9,17,-6.77,107.6,2019-09-17,2019-07-26,53,0,0
2019,7,23,2020,4,9,54.756,-163.97,2020-04-09,2019-07-23,261,0,0
2019,7,23,2020,4,13,4.892,-75.324,2020-04-13,2019-07-23,265,0,0
2019,7,16,2019,8,24,51.93,179.58,2019-08-24,2019-07-16,39,1,0.367879441171442
2019,6,26,2019,10,5,-5.05,151.33,2019-10-05,2019-06-26,101,15,4.58853480752739e-06
2019,6,24,2019,12,24,-16.355,-70.903,2019-12-24,2019-06-24,183,0,0
2019,6,22,2019,7,1,48.292,153.25,2019-07-01,2019-06-22,9,0,0
2019,6,11,2019,10,27,-21.244,55.708,2019-10-27,2019-06-11,138,0,0
2019,6,1,2019,6,7,52.076,-176.13,2019-06-07,2019-06-01,6,0,0
2019,5,16,2019,10,7,48.092,153.2,2019-10-07,2019-05-16,144,0,0
2019,5,11,2019,7,12,19.514,-103.62,2019-07-12,2019-05-11,62,0,0
2019,4,16,2020,4,17,32.884,131.104,2020-04-17,2019-04-16,367,1,0.367879441171442
2019,4,9,2019,7,2,56.056,160.642,2019-07-02,2019-04-09,84,1,0.367879441171442
2019,3,26,2020,4,17,-2.005,-78.341,2020-04-17,2019-03-26,388,1,0.367879441171442
2019,3,4,2019,3,4,12.702,-87.004,2019-03-04,2019-03-04,0,4,0.0732625555549367
2019,2,18,2019,3,10,-21.244,55.708,2019-03-10,2019-02-18,20,0,0
2019,2,18,2019,7,28,-7.942,112.95,2019-07-28,2019-02-18,160,0,0
2019,2,16,2019,9,24,54.049,159.443,2019-09-24,2019-02-16,220,3,0.149361205103592
2019,2,7,2019,9,30,10.2,-84.233,2019-09-30,2019-02-07,235,1,0.367879441171442
2019,2,6,2019,6,9,3.17,98.392,2019-06-09,2019-02-06,123,1,0.367879441171442
2018,12,8,2020,4,11,-10.386,165.804,2020-04-11,2018-12-08,490,2,0.270670566473225
2018,11,25,2020,4,17,2.781,125.407,2020-04-17,2018-11-25,509,1,0.367879441171442
2018,11,7,2019,5,7,-35.223,-70.568,2019-05-07,2018-11-07,181,1,0.367879441171442
2018,10,26,2018,10,26,4.892,-75.324,2018-10-26,2018-10-26,0,0,0
2018,10,21,2019,2,3,30.443,130.217,2019-02-03,2018-10-21,105,0,0
2018,10,4,2018,10,6,0.8,127.33,2018-10-06,2018-10-04,2,1,0.367879441171442
2018,10,2,2018,12,16,1.112,124.737,2018-12-16,2018-10-02,75,0,0
2018,9,25,2020,4,16,12.278,93.858,2020-04-16,2018-09-25,569,0,0
2018,9,21,2018,10,12,-5.05,151.33,2018-10-12,2018-09-21,21,8,0.00268370102322009
2018,9,21,2018,9,21,47.35,152.475,2018-09-21,2018-09-21,0,0,0
2018,9,8,2018,10,15,48.092,153.2,2018-10-15,2018-09-08,37,1,0.367879441171442
2018,9,8,2018,10,31,51.93,179.58,2018-10-31,2018-09-08,53,3,0.149361205103592
2018,9,4,2018,12,23,56.17,-159.38,2018-12-23,2018-09-04,110,0,0
2018,8,20,2018,8,21,50.861,155.565,2018-08-21,2018-08-20,1,0,0
2018,8,8,2018,12,7,-2.005,-78.341,2018-12-07,2018-08-08,121,0,0
2018,7,28,2019,6,11,10.83,-85.324,2019-06-11,2018-07-28,318,0,0
2018,7,12,2018,7,21,27.247,140.874,2018-07-21,2018-07-12,9,2,0.270670566473225
2018,7,3,2019,8,20,-12.83,45.17,2019-08-20,2018-07-03,413,2,0.270670566473225
2018,6,26,2018,8,23,-0.83,-91.17,2018-08-23,2018-06-26,58,0,0
2018,6,21,2018,8,15,12.606,-86.84,2018-08-15,2018-06-21,55,4,0.0732625555549367
2018,6,18,2020,4,17,-6.102,105.423,2020-04-17,2018-06-18,669,0,0
2018,6,16,2018,6,21,-0.37,-91.55,2018-06-21,2018-06-16,5,0,0
2018,6,10,2018,8,11,52.076,-176.13,2018-08-11,2018-06-10,62,1,0.367879441171442
2018,6,8,2018,6,8,-5.05,151.33,2018-06-08,2018-06-08,0,9,0.00111068823678012
2018,5,11,2020,4,17,-7.54,110.446,2020-04-17,2018-05-11,707,0,0
2018,4,28,2018,9,30,54.049,159.443,2018-09-30,2018-04-28,155,5,0.0336897349954273
2018,4,27,2018,5,2,-0.38,100.474,2018-05-02,2018-04-27,5,0,0
2018,4,22,2018,4,22,12.702,-87.004,2018-04-22,2018-04-22,0,3,0.149361205103592
2018,4,21,2020,4,17,-1.697,101.264,2020-04-17,2018-04-21,727,1,0.367879441171442
2018,4,18,2020,4,7,-1.408,29.2,2020-04-07,2018-04-18,720,2,0.270670566473225
2018,4,3,2018,11,1,-21.244,55.708,2018-11-01,2018-04-03,212,0,0
2018,4,1,2018,4,1,-7.2,109.879,2018-04-01,2018-04-01,0,0,0
2018,3,1,2018,6,27,31.934,130.862,2018-06-27,2018-03-01,118,3,0.149361205103592
2018,2,25,2018,2,25,-2.005,-78.341,2018-02-25,2018-02-25,0,0,0
2018,2,2,2018,2,2,2.781,125.407,2018-02-02,2018-02-02,0,1,0.367879441171442
2018,1,23,2018,1,23,36.618,138.528,2018-01-23,2018-01-23,0,0,0
2018,1,14,2018,5,30,13.434,-88.269,2018-05-30,2018-01-14,136,1,0.367879441171442
2018,1,13,2019,10,12,13.257,123.685,2019-10-12,2018-01-13,637,0,0
2018,1,5,2020,4,17,-3.608,144.588,2020-04-17,2018-01-05,833,1,0.367879441171442
2017,12,18,2017,12,18,4.892,-75.324,2017-12-18,2017-12-18,0,0,0
2017,12,9,2017,12,9,10.412,123.132,2017-12-09,2017-12-09,0,0,0
2017,11,21,2019,6,13,-8.343,115.508,2019-06-13,2017-11-21,569,1,0.367879441171442
2017,11,9,2017,11,9,-4.016,103.121,2017-11-09,2017-11-09,0,1,0.367879441171442
2017,10,21,2017,10,26,-10.386,165.804,2017-10-26,2017-10-21,5,4,0.0732625555549367
2017,10,12,2017,11,13,48.092,153.2,2017-11-13,2017-10-12,32,1,0.367879441171442
2017,10,11,2017,10,17,31.934,130.862,2017-10-17,2017-10-11,6,3,0.149361205103592
2017,9,6,2018,10,30,-15.389,167.835,2018-10-30,2017-09-06,419,9,0.00111068823678012
2017,9,4,2017,9,7,-0.37,-91.55,2017-09-07,2017-09-04,3,0,0
2017,8,18,2017,11,11,12.702,-87.004,2017-11-11,2017-08-18,85,3,0.149361205103592
2017,8,13,2017,8,13,-1.697,101.264,2017-08-13,2017-08-13,0,1,0.367879441171442
2017,7,20,2017,10,26,-2.005,-78.341,2017-10-26,2017-07-20,98,0,0
2017,7,15,2020,3,30,-8.2,119.07,2020-03-30,2017-07-15,989,0,0
2017,7,14,2017,8,28,-21.244,55.708,2017-08-28,2017-07-14,45,0,0
2017,6,11,2017,11,3,-5.05,151.33,2017-11-03,2017-06-11,145,14,1.164140206745e-05
2017,6,5,2017,6,5,12.769,124.056,2017-06-05,2017-06-05,0,0,0
2017,6,4,2017,6,4,-0.38,100.474,2017-06-04,2017-06-04,0,0,0
2017,6,4,2018,1,27,54.049,159.443,2018-01-27,2017-06-04,237,4,0.0732625555549367
2017,6,4,2018,12,7,-37.856,-71.183,2018-12-07,2017-06-04,551,1,0.367879441171442
2017,5,23,2018,3,15,10.83,-85.324,2018-03-15,2017-05-23,296,0,0
2017,5,10,2017,5,10,2.781,125.407,2017-05-10,2017-05-10,0,1,0.367879441171442
2017,4,30,2017,7,2,-7.2,109.879,2017-07-02,2017-04-30,63,0,0
2017,4,18,2017,8,17,27.247,140.874,2017-08-17,2017-04-18,121,4,0.0732625555549367
2017,4,12,2017,11,6,10.2,-84.233,2017-11-06,2017-04-12,208,0,0
2017,4,9,2020,3,24,-2.764,35.914,2020-03-24,2017-04-09,1080,0,0
2017,3,29,2017,3,29,12.3,-61.64,2017-03-29,2017-03-29,0,0,0
2017,3,25,2020,4,17,31.593,130.657,2020-04-17,2017-03-25,1119,0,0
2017,3,24,2017,4,10,51.306,156.875,2017-04-10,2017-03-24,17,1,0.367879441171442
2017,3,12,2017,3,12,-8.817,121.191,2017-03-12,2017-03-12,0,0,0
2017,2,19,2017,2,19,-6.102,105.423,2017-02-19,2017-02-19,0,0,0
2017,2,18,2017,4,19,12.702,-87.004,2017-04-19,2017-02-18,60,5,0.0336897349954273
2017,1,31,2017,2,27,-21.244,55.708,2017-02-27,2017-01-31,27,0,0
2017,1,23,2017,1,31,-20.852,-175.55,2017-01-31,2017-01-23,8,2,0.270670566473225
2017,1,15,2017,5,16,12.278,93.858,2017-05-16,2017-01-15,121,0,0
2017,1,7,2017,1,7,13.434,-88.269,2017-01-07,2017-01-07,0,1,0.367879441171442
2016,12,20,2017,8,30,53.93,-168.03,2017-08-30,2016-12-20,253,0,0
2016,11,29,2017,4,7,48.98,153.48,2017-04-07,2016-11-29,129,1,0.367879441171442
2016,11,27,2017,5,2,-1.408,29.2,2017-05-02,2016-11-27,156,2,0.270670566473225
2016,11,20,2016,11,20,53.589,159.15,2016-11-20,2016-11-20,0,2,0.270670566473225
2016,11,15,2016,11,21,-1.697,101.264,2016-11-21,2016-11-15,6,1,0.367879441171442
2016,11,6,2020,4,17,-15.787,-71.857,2020-04-17,2016-11-06,1258,1,0.367879441171442
2016,10,20,2020,4,17,50.686,156.014,2020-04-17,2016-10-20,1275,1,0.367879441171442
2016,10,11,2016,11,18,-5.05,151.33,2016-11-18,2016-10-11,38,14,1.164140206745e-05
2016,10,7,2016,11,12,32.884,131.104,2016-11-12,2016-10-07,36,7,0.00638317375888161
2016,10,5,2016,10,8,54.049,159.443,2016-10-08,2016-10-05,3,3,0.149361205103592
2016,9,21,2016,10,13,-2.764,35.914,2016-10-13,2016-09-21,22,0,0
2016,9,13,2016,9,13,-37.52,177.18,2016-09-13,2016-09-13,0,0,0
2016,9,13,2017,3,2,-16.355,-70.903,2017-03-02,2016-09-13,170,0,0
2016,9,11,2016,9,18,-21.244,55.708,2016-09-18,2016-09-11,7,0,0
2016,8,3,2016,8,4,0.8,127.33,2016-08-04,2016-08-03,1,1,0.367879441171442
2016,8,1,2016,9,27,-8.42,116.47,2016-09-27,2016-08-01,57,0,0
2016,7,27,2016,8,18,50.324,155.461,2016-08-18,2016-07-27,22,0,0
2016,6,18,2016,6,18,13.434,-88.269,2016-06-18,2016-06-18,0,3,0.149361205103592
2016,6,10,2017,3,2,12.769,124.056,2017-03-02,2016-06-10,265,0,0
2016,6,5,2016,8,16,10.2,-84.233,2016-08-16,2016-06-05,72,0,0
2016,5,26,2016,5,27,-21.244,55.708,2016-05-27,2016-05-26,1,0,0
2016,4,27,2016,4,27,-37.52,177.18,2016-04-27,2016-04-27,0,0,0
2016,4,24,2016,7,19,-59.017,-26.533,2016-07-19,2016-04-24,86,3,0.149361205103592
2016,4,22,2016,4,22,12.702,-87.004,2016-04-22,2016-04-22,0,2,0.270670566473225
2016,4,16,2019,1,16,52.825,-169.944,2019-01-16,2016-04-16,1005,8,0.00268370102322009
2016,4,2,2018,10,30,-5.525,148.42,2018-10-30,2016-04-02,941,3,0.149361205103592
2016,3,31,2016,6,9,-1.697,101.264,2016-06-09,2016-03-31,70,0,0
2016,3,30,2016,5,16,-56.3,-27.57,2016-05-16,2016-03-30,47,9,0.00111068823678012
2016,3,29,2016,3,31,50.324,155.461,2016-03-31,2016-03-29,2,0,0
2016,3,27,2016,7,30,55.417,-161.894,2016-07-30,2016-03-27,125,0,0
2016,3,25,2016,11,17,-2.005,-78.341,2016-11-17,2016-03-25,237,0,0
2016,2,22,2016,2,22,12.769,124.056,2016-02-22,2016-02-22,0,0,0
2016,1,12,2016,1,18,13.434,-88.269,2016-01-18,2016-01-12,6,3,0.149361205103592
2016,1,8,2020,4,17,-36.868,-71.378,2020-04-17,2016-01-08,1561,0,0
2016,1,2,2016,2,7,1.112,124.737,2016-02-07,2016-01-02,36,0,0
2015,12,1,2016,4,7,12.423,-86.539,2016-04-07,2015-12-01,128,3,0.149361205103592
2015,11,24,2016,6,18,10.412,123.132,2016-06-18,2015-11-24,207,1,0.367879441171442
2015,11,14,2015,11,14,-0.38,100.474,2015-11-14,2015-11-14,0,0,0
2015,11,12,2016,11,12,-7.942,112.95,2016-11-12,2015-11-12,366,1,0.367879441171442
2015,10,30,2017,4,2,-23.37,-67.73,2017-04-02,2015-10-30,520,1,0.367879441171442
2015,10,25,2015,12,24,-8.42,116.47,2015-12-24,2015-10-25,60,0,0
2015,10,3,2020,4,17,11.985,-86.165,2020-04-17,2015-10-03,1658,4,0.0732625555549367
2015,9,29,2016,8,11,50.861,155.565,2016-08-11,2015-09-29,317,0,0
2015,9,23,2016,5,11,12.606,-86.84,2016-05-11,2015-09-23,231,3,0.149361205103592
2015,9,18,2016,12,30,-37.856,-71.183,2016-12-30,2015-09-18,469,0,0
2015,8,30,2015,9,28,1.358,124.792,2015-09-28,2015-08-30,29,0,0
2015,8,28,2018,6,15,56.056,160.642,2018-06-15,2015-08-28,1022,0,0
2015,8,14,2016,1,24,-0.677,-78.436,2016-01-24,2015-08-14,163,0,0
2015,8,13,2015,8,13,13.434,-88.269,2015-08-13,2015-08-13,0,2,0.270670566473225
2015,7,23,2015,7,24,12.3,-61.64,2015-07-24,2015-07-23,1,0,0
2015,7,16,2015,9,8,0.8,127.33,2015-09-08,2015-07-16,54,1,0.367879441171442
2015,7,7,2015,7,8,-8.508,124.13,2015-07-08,2015-07-07,1,2,0.270670566473225
2015,6,29,2015,7,1,35.233,139.021,2015-07-01,2015-06-29,2,1,0.367879441171442
2015,6,28,2015,7,9,-15.787,-71.857,2015-07-09,2015-06-28,11,1,0.367879441171442
2015,6,24,2015,6,24,-6.895,108.408,2015-06-24,2015-06-24,0,1,0.367879441171442
2015,6,20,2015,8,24,-2.764,35.914,2015-08-24,2015-06-20,65,0,0
2015,6,16,2015,6,16,36.406,138.523,2015-06-16,2015-06-16,0,2,0.270670566473225
2015,6,16,2016,5,1,10.83,-85.324,2016-05-01,2015-06-16,320,4,0.0732625555549367
2015,6,7,2020,4,17,14.382,-90.601,2020-04-17,2015-06-07,1776,3,0.149361205103592
2015,5,29,2015,6,19,30.443,130.217,2015-06-19,2015-05-29,21,0,0
2015,5,25,2015,6,2,0.02,-91.35,2015-06-02,2015-05-25,8,0,0
2015,5,20,2015,5,27,1.358,124.792,2015-05-27,2015-05-20,7,0,0
2015,5,7,2015,5,28,12.606,-86.84,2015-05-28,2015-05-07,21,3,0.149361205103592
2015,5,1,2015,7,17,12.769,124.056,2015-07-17,2015-05-01,77,0,0
2015,4,23,2015,5,24,45.95,-130,2015-05-24,2015-04-23,31,0,0
2015,4,22,2015,5,26,-41.33,-72.618,2015-05-26,2015-04-22,34,0,0
2015,3,8,2019,10,28,10.025,-83.767,2019-10-28,2015-03-08,1695,0,0
2015,3,5,2015,6,12,12.702,-87.004,2015-06-12,2015-03-05,99,2,0.270670566473225
2015,2,16,2015,2,18,50.324,155.461,2015-02-18,2015-02-16,2,1,0.367879441171442
2015,2,4,2015,10,31,-21.244,55.708,2015-10-31,2015-02-04,269,0,0
2015,2,1,2015,8,22,-8.119,114.056,2015-08-22,2015-02-01,202,0,0
2015,1,26,2015,4,11,13.434,-88.269,2015-04-11,2015-01-26,75,2,0.270670566473225
2015,1,19,2015,4,7,-2.005,-78.341,2015-04-07,2015-01-19,78,0,0
2015,1,6,2015,3,7,1.112,124.737,2015-03-07,2015-01-06,60,0,0
2015,1,1,2015,5,10,56.056,160.642,2015-05-10,2015-01-01,129,1,0.367879441171442
2014,12,19,2015,1,23,-20.536,-175.382,2015-01-23,2014-12-19,35,4,0.0732625555549367
2014,12,18,2014,12,25,0.8,127.33,2014-12-25,2014-12-18,7,2,0.270670566473225
2014,12,3,2014,12,3,48.873,154.182,2014-12-03,2014-12-03,0,2,0.270670566473225
2014,12,2,2020,4,13,-39.42,-71.93,2020-04-13,2014-12-02,1959,0,0
2014,12,1,2014,12,15,-16.507,168.346,2014-12-15,2014-12-01,14,2,0.270670566473225
2014,11,23,2015,2,8,14.95,-24.35,2015-02-08,2014-11-23,77,0,0
2014,11,21,2015,8,10,48.98,153.48,2015-08-10,2014-11-21,262,0,0
2014,11,18,2017,5,29,4.892,-75.324,2017-05-29,2014-11-18,923,0,0
2014,11,12,2020,1,28,-57.8,-26.483,2020-01-28,2014-11-12,1903,1,0.367879441171442
2014,11,12,2014,11,15,55.417,-161.894,2014-11-15,2014-11-12,3,0,0
2014,10,29,2014,12,8,10.025,-83.767,2014-12-08,2014-10-29,40,0,0
2014,10,6,2014,10,6,-8.542,122.775,2014-10-06,2014-10-06,0,1,0.367879441171442
2014,9,27,2014,10,14,35.893,137.48,2014-10-14,2014-09-27,17,0,0
2014,9,17,2014,10,24,10.83,-85.324,2014-10-24,2014-09-17,37,4,0.0732625555549367
2014,8,30,2016,5,1,32.884,131.104,2016-05-01,2014-08-30,610,0,0
2014,8,29,2015,2,27,64.633,-17.516,2015-02-27,2014-08-29,182,0,0
2014,8,25,2015,2,17,14.382,-90.601,2015-02-17,2014-08-25,176,4,0.0732625555549367
2014,8,12,2014,10,19,13.257,123.685,2014-10-19,2014-08-12,68,0,0
2014,8,5,2014,12,27,-15.787,-71.857,2014-12-27,2014-08-05,144,2,0.270670566473225
2014,8,3,2014,8,3,30.443,130.217,2014-08-03,2014-08-03,0,0,0
2014,7,20,2014,10,1,12.702,-87.004,2014-10-01,2014-07-20,73,2,0.270670566473225
2014,7,7,2014,9,18,-4.271,152.203,2014-09-18,2014-07-07,73,5,0.0336897349954273
2014,7,4,2014,12,2,-37.856,-71.183,2014-12-02,2014-07-04,151,0,0
2014,6,29,2020,4,9,-4.08,145.037,2020-04-09,2014-06-29,2111,3,0.149361205103592
2014,6,21,2014,6,21,-21.244,55.708,2014-06-21,2014-06-21,0,0,0
2014,6,8,2016,3,15,2.781,125.407,2016-03-15,2014-06-08,646,0,0
2014,6,6,2016,3,24,53.589,159.15,2016-03-24,2014-06-06,657,1,0.367879441171442
2014,5,31,2014,6,2,55.417,-161.894,2014-06-02,2014-05-31,2,2,0.270670566473225
2014,5,30,2015,11,5,-8.2,119.07,2015-11-05,2014-05-30,524,1,0.367879441171442
2014,5,30,2016,5,14,-1.408,29.2,2016-05-14,2014-05-30,715,0,0
2014,4,24,2014,5,17,20.42,145.03,2014-05-17,2014-04-24,23,0,0
2014,4,1,2020,4,17,-8.108,112.922,2020-04-17,2014-04-01,2208,1,0.367879441171442
2014,3,31,2014,3,31,-6.102,105.423,2014-03-31,2014-03-31,0,2,0.270670566473225
2014,3,26,2014,3,27,-4.649,145.964,2014-03-27,2014-03-26,1,0,0
2014,3,9,2014,4,20,-7.54,110.446,2014-04-20,2014-03-09,42,0,0
2014,3,8,2014,9,17,-7.242,109.208,2014-09-17,2014-03-08,193,1,0.367879441171442
2014,2,13,2014,2,15,-7.93,112.308,2014-02-15,2014-02-13,2,0,0
2014,2,9,2014,2,9,2.781,125.407,2014-02-09,2014-02-09,0,0,0
2014,2,4,2014,4,11,12.702,-87.004,2014-04-11,2014-02-04,66,2,0.270670566473225
2014,2,3,2014,2,26,-0.38,100.474,2014-02-26,2014-02-03,23,0,0
2014,1,29,2014,1,29,-8.991,157.979,2014-01-29,2014-01-29,0,2,0.270670566473225
2014,1,28,2015,10,16,54.756,-163.97,2015-10-16,2014-01-28,626,0,0
2014,1,13,2014,2,19,32.884,131.104,2014-02-19,2014-01-13,37,0,0
2014,1,4,2014,1,4,-8.119,114.056,2014-01-04,2014-01-04,0,0,0
2013,12,29,2014,7,28,13.434,-88.269,2014-07-28,2013-12-29,211,2,0.270670566473225
2013,11,20,2015,11,17,27.247,140.874,2015-11-17,2013-11-20,727,2,0.270670566473225
2013,11,18,2013,11,18,-7.54,110.446,2013-11-18,2013-11-18,0,0,0
2013,10,23,2013,10,26,53.589,159.15,2013-10-26,2013-10-23,3,1,0.367879441171442
2013,10,12,2016,5,17,12.278,93.858,2016-05-17,2013-10-12,948,0,0
2013,10,5,2013,10,5,-6.77,107.6,2013-10-05,2013-10-05,0,1,0.367879441171442
2013,9,28,2013,11,20,15.05,42.18,2013-11-20,2013-09-28,53,0,0
2013,9,25,2013,9,25,12.606,-86.84,2013-09-25,2013-09-25,0,2,0.270670566473225
2013,9,15,2018,8,30,3.17,98.392,2018-08-30,2013-09-15,1810,3,0.149361205103592
2013,9,3,2020,4,17,37.748,14.999,2020-04-17,2013-09-03,2418,0,0
2013,9,1,2016,2,27,-16.355,-70.903,2016-02-27,2013-09-01,909,0,0
2013,8,20,2013,8,20,-8.53,123.57,2013-08-20,2013-08-20,0,1,0.367879441171442
2013,8,15,2013,12,20,56.056,160.642,2013-12-20,2013-08-15,127,2,0.270670566473225
2013,7,25,2013,8,12,47.35,152.475,2013-08-12,2013-07-25,18,0,0
2013,7,25,2013,7,29,-39.42,-71.93,2013-07-29,2013-07-25,4,0,0
2013,7,8,2013,12,21,-5.05,151.33,2013-12-21,2013-07-08,166,11,0.000183718708692702
2013,7,6,2013,7,6,30.484,140.303,2013-07-06,2013-07-06,0,0,0
2013,6,13,2013,10,12,56.17,-159.38,2013-10-12,2013-06-13,121,0,0
2013,6,11,2014,6,1,48.98,153.48,2014-06-01,2013-06-11,355,2,0.270670566473225
2013,6,7,2013,6,7,12.702,-87.004,2013-06-07,2013-06-07,0,2,0.270670566473225
2013,6,4,2013,6,4,30.793,130.305,2013-06-04,2013-06-04,0,0,0
2013,6,4,2013,11,29,-8.108,112.922,2013-11-29,2013-06-04,178,0,0
2013,6,2,2013,6,2,-1.697,101.264,2013-06-02,2013-06-02,0,0,0
2013,5,21,2013,6,4,10.025,-83.767,2013-06-04,2013-05-21,14,3,0.149361205103592
2013,5,13,2013,6,26,55.417,-161.894,2013-06-26,2013-05-13,44,4,0.0732625555549367
2013,5,11,2013,5,26,11.985,-86.165,2013-05-26,2013-05-11,15,2,0.270670566473225
2013,5,7,2013,5,7,13.257,123.685,2013-05-07,2013-05-07,0,1,0.367879441171442
2013,4,2,2013,11,20,-23.37,-67.73,2013-11-20,2013-04-02,232,0,0
2013,3,5,2014,4,10,14.382,-90.601,2014-04-10,2013-03-05,401,4,0.0732625555549367
2013,2,21,2013,3,6,-6.77,107.6,2013-03-06,2013-02-21,13,1,0.367879441171442
2013,2,16,2013,2,16,12.278,93.858,2013-02-16,2013-02-16,0,0,0
2013,2,16,2013,4,4,45.012,147.871,2013-04-04,2013-02-16,47,3,0.149361205103592
2013,2,13,2015,12,1,15.406,144.506,2015-12-01,2013-02-13,1021,0,0
2013,1,29,2013,2,26,-4.649,145.964,2013-02-26,2013-01-29,28,0,0
2013,1,25,2013,5,24,-2.005,-78.341,2013-05-24,2013-01-25,119,0,0
2013,1,23,2013,5,27,1.38,127.53,2013-05-27,2013-01-23,124,1,0.367879441171442
2013,1,19,2014,3,11,-4.271,152.203,2014-03-11,2013-01-19,416,2,0.270670566473225
2013,1,6,2017,3,7,19.514,-103.62,2017-03-07,2013-01-06,1521,0,0
2012,12,26,2012,12,28,12.702,-87.004,2012-12-28,2012-12-26,2,2,0.270670566473225
2012,12,22,2013,12,10,-37.856,-71.183,2013-12-10,2012-12-22,353,0,0
2012,12,1,2012,12,5,-5.525,148.42,2012-12-05,2012-12-01,4,3,0.149361205103592
2012,11,27,2013,9,5,55.832,160.326,2013-09-05,2012-11-27,282,1,0.367879441171442
2012,11,21,2012,11,21,-39.157,175.632,2012-11-21,2012-11-21,0,3,0.149361205103592
2012,11,14,2012,11,14,-39.42,-71.93,2012-11-14,2012-11-14,0,0,0
2012,11,11,2016,10,18,46.532,150.871,2016-10-18,2012-11-11,1437,0,0
2012,11,6,2012,12,11,-5.05,151.33,2012-12-11,2012-11-06,35,9,0.00111068823678012
2012,10,30,2012,12,11,18.13,145.8,2012-12-11,2012-10-30,42,1,0.367879441171442
2012,10,17,2012,10,17,10.83,-85.324,2012-10-17,2012-10-17,0,4,0.0732625555549367
2012,10,8,2013,10,31,-8.32,121.708,2013-10-31,2012-10-08,388,0,0
2012,10,5,2012,12,12,50.861,155.565,2012-12-12,2012-10-05,68,0,0
2012,9,26,2012,9,26,-0.38,100.474,2012-09-26,2012-09-26,0,1,0.367879441171442
2012,9,15,2012,9,17,0.8,127.33,2012-09-17,2012-09-15,2,1,0.367879441171442
2012,9,15,2013,9,9,1.358,124.792,2013-09-09,2012-09-15,359,1,0.367879441171442
2012,9,8,2012,9,15,12.702,-87.004,2012-09-15,2012-09-08,7,2,0.270670566473225
2012,9,5,2020,4,10,-53.106,73.513,2020-04-10,2012-09-05,2774,0,0
2012,9,1,2013,1,28,56.056,160.642,2013-01-28,2012-09-01,149,2,0.270670566473225
2012,8,26,2012,9,19,1.112,124.737,2012-09-19,2012-08-26,24,1,0.367879441171442
2012,8,16,2012,8,25,45.012,147.871,2012-08-25,2012-08-16,9,3,0.149361205103592
2012,8,7,2013,10,11,-37.52,177.18,2013-10-11,2012-08-07,430,0,0
2012,8,6,2012,8,7,-39.157,175.632,2012-08-07,2012-08-06,1,2,0.270670566473225
2012,8,3,2012,8,4,-25.887,-177.188,2012-08-04,2012-08-03,1,3,0.149361205103592
2012,7,17,2012,7,19,-31.08,-179.033,2012-07-19,2012-07-17,2,2,0.270670566473225
2012,5,14,2013,9,5,2.781,125.407,2013-09-05,2012-05-14,479,1,0.367879441171442
2012,5,13,2014,1,30,1.22,-77.37,2014-01-30,2012-05-13,627,0,0
2012,5,8,2012,5,12,-8.508,124.13,2012-05-12,2012-05-08,4,0,0
2012,5,7,2012,5,31,-5.05,151.33,2012-05-31,2012-05-07,24,9,0.00111068823678012
2012,5,3,2012,7,11,-5.576,150.516,2012-07-11,2012-05-03,69,16,1.80056279550815e-06
2012,4,30,2012,6,8,11.985,-86.165,2012-06-08,2012-04-30,39,5,0.0336897349954273
2012,3,1,2012,5,18,-0.38,100.474,2012-05-18,2012-03-01,78,1,0.367879441171442
2012,2,22,2013,7,12,4.892,-75.324,2013-07-12,2012-02-22,506,0,0
2012,2,19,2012,4,14,10.83,-85.324,2012-04-14,2012-02-19,55,2,0.270670566473225
2012,2,18,2012,2,18,51.923,-177.168,2012-02-18,2012-02-18,0,4,0.0732625555549367
2012,2,10,2012,5,2,24.751,141.289,2012-05-02,2012-02-10,82,1,0.367879441171442
2012,2,1,2012,2,1,-4.649,145.964,2012-02-01,2012-02-01,0,1,0.367879441171442
2012,1,12,2012,1,18,10.025,-83.767,2012-01-18,2012-01-12,6,3,0.149361205103592
2012,1,2,2012,1,2,-37.92,-71.45,2012-01-02,2012-01-02,0,0,0
2012,1,2,2012,1,14,-8.272,123.505,2012-01-14,2012-01-02,12,0,0
2011,12,18,2012,1,12,15.05,42.18,2012-01-12,2011-12-18,25,0,0
2011,12,15,2011,12,15,-1.697,101.264,2011-12-15,2011-12-15,0,1,0.367879441171442
2011,12,5,2011,12,23,0.8,127.33,2011-12-23,2011-12-05,18,0,0
2011,11,27,2016,3,16,-1.467,-78.442,2016-03-16,2011-11-27,1571,0,0
2011,11,6,2012,3,16,-1.408,29.2,2012-03-16,2011-11-06,131,0,0
2011,11,2,2011,11,2,56.056,160.642,2011-11-02,2011-11-02,0,1,0.367879441171442
2011,10,26,2011,11,1,-45.9,-72.97,2011-11-01,2011-10-26,6,0,0
2011,10,10,2012,3,5,27.73,-18.03,2012-03-05,2011-10-10,147,0,0
2011,9,17,2011,10,10,-14.27,167.5,2011-10-10,2011-09-17,23,12,7.37305482399385e-05
2011,8,22,2011,9,27,10.83,-85.324,2011-09-27,2011-08-22,36,2,0.270670566473225
2011,8,21,2011,10,23,12.702,-87.004,2011-10-23,2011-08-21,63,2,0.270670566473225
2011,8,3,2011,10,12,-0.38,100.474,2011-10-12,2011-08-03,70,1,0.367879441171442
2011,7,31,2012,9,9,-6.102,105.423,2012-09-09,2011-07-31,406,1,0.367879441171442
2011,7,19,2015,8,18,52.825,-169.944,2015-08-18,2011-07-19,1491,6,0.0148725130599982
2011,7,3,2011,8,15,1.112,124.737,2011-08-15,2011-07-03,43,1,0.367879441171442
2011,6,26,2012,5,1,1.358,124.792,2012-05-01,2011-06-26,310,1,0.367879441171442
2011,6,22,2014,7,15,-2.764,35.914,2014-07-15,2011-06-22,1119,0,0
2011,6,13,2012,6,3,13.37,41.7,2012-06-03,2011-06-13,356,1,0.367879441171442
2011,6,6,2012,9,19,-2.005,-78.341,2012-09-19,2011-06-06,471,0,0
2011,6,4,2012,4,21,-40.59,-72.117,2012-04-21,2011-06-04,322,0,0
2011,6,4,2011,7,10,-15.389,167.835,2011-07-10,2011-06-04,36,6,0.0148725130599982
2011,5,21,2011,5,28,64.416,-17.316,2011-05-28,2011-05-21,7,0,0
2011,5,15,2011,6,9,32.884,131.104,2011-06-09,2011-05-15,25,0,0
2011,5,13,2012,7,20,-8.108,112.922,2012-07-20,2011-05-13,434,0,0
2011,4,23,2011,9,1,18.13,145.8,2011-09-01,2011-04-23,131,1,0.367879441171442
2011,4,20,2011,5,26,-1.467,-78.442,2011-05-26,2011-04-20,36,0,0
2011,4,6,2011,4,12,45.95,-130,2011-04-12,2011-04-06,6,0,0
2011,3,31,2011,4,1,1.22,-77.37,2011-04-01,2011-03-31,1,0,0
2011,3,30,2011,7,3,56.056,160.642,2011-07-03,2011-03-30,95,1,0.367879441171442
2011,3,29,2011,8,12,-4.271,152.203,2011-08-12,2011-03-29,136,4,0.0732625555549367
2011,3,11,2011,8,13,2.781,125.407,2011-08-13,2011-03-11,155,1,0.367879441171442
2011,3,7,2011,6,14,12.606,-86.84,2011-06-14,2011-03-07,99,0,0
2011,2,22,2011,2,22,1.358,124.792,2011-02-22,2011-02-22,0,1,0.367879441171442
2011,2,17,2011,6,26,-35.223,-70.568,2011-06-26,2011-02-17,129,0,0
2011,1,19,2011,9,7,31.934,130.862,2011-09-07,2011-01-19,231,1,0.367879441171442
2011,1,14,2011,1,14,10.025,-83.767,2011-01-14,2011-01-14,0,3,0.149361205103592
2011,1,4,2011,1,4,14.242,40.3,2011-01-04,2011-01-04,0,0,0
2010,11,26,2012,6,13,-7.942,112.95,2012-06-13,2010-11-26,565,0,0
2010,11,22,2011,1,2,-1.467,-78.442,2011-01-02,2010-11-22,41,0,0
2010,11,11,2013,9,13,55.131,160.32,2013-09-13,2010-11-11,1037,0,0
2010,11,6,2011,5,13,12.769,124.056,2011-05-13,2010-11-06,188,1,0.367879441171442
2010,10,26,2012,7,15,-7.54,110.446,2012-07-15,2010-10-26,628,0,0
2010,10,25,2011,3,9,-6.102,105.423,2011-03-09,2010-10-25,135,1,0.367879441171442
2010,10,14,2010,12,10,-21.244,55.708,2010-12-10,2010-10-14,57,0,0
2010,9,20,2010,9,20,48.092,153.2,2010-09-20,2010-09-20,0,4,0.0732625555549367
2010,9,17,2011,6,22,12.278,93.858,2011-06-22,2010-09-17,278,0,0
2010,9,12,2010,9,26,52.825,-169.944,2010-09-26,2010-09-12,14,6,0.0148725130599982
2010,9,6,2010,10,13,-35.223,-70.568,2010-10-13,2010-09-06,37,0,0
2010,8,27,2010,9,18,3.17,98.392,2010-09-18,2010-08-27,22,0,0
2010,8,25,2013,4,27,37.748,14.999,2013-04-27,2010-08-25,976,0,0
2010,8,25,2010,8,25,1.22,-77.37,2010-08-25,2010-08-25,0,0,0
2010,8,10,2013,12,15,-4.08,145.037,2013-12-15,2010-08-10,1223,2,0.270670566473225
2010,8,6,2010,12,16,2.781,125.407,2010-12-16,2010-08-06,132,1,0.367879441171442
2010,7,24,2010,8,15,10.025,-83.767,2010-08-15,2010-07-24,22,2,0.270670566473225
2010,7,23,2010,7,25,-4.271,152.203,2010-07-25,2010-07-23,2,5,0.0336897349954273
2010,7,18,2010,7,18,-16.355,-70.903,2010-07-18,2010-07-18,0,1,0.367879441171442
2010,7,2,2010,7,9,50.686,156.014,2010-07-09,2010-07-02,7,2,0.270670566473225
2010,6,30,2010,8,10,48.958,153.93,2010-08-10,2010-06-30,41,5,0.0336897349954273
2010,6,19,2010,6,19,24.751,141.289,2010-06-19,2010-06-19,0,0,0
2010,6,9,2011,1,13,12.702,-87.004,2011-01-13,2010-06-09,218,0,0
2010,6,6,2010,6,22,52.559,158.03,2010-06-22,2010-06-06,16,1,0.367879441171442
2010,5,30,2010,6,2,52.825,-169.944,2010-06-02,2010-05-30,3,1,0.367879441171442
2010,5,27,2010,5,29,16.58,145.78,2010-05-29,2010-05-27,2,0,0
2010,5,26,2011,5,27,-5.05,151.33,2011-05-27,2010-05-26,366,8,0.00268370102322009
2010,5,21,2020,4,17,55.972,160.595,2020-04-17,2010-05-21,3619,0,0
2010,5,3,2010,8,11,18.13,145.8,2010-08-11,2010-05-03,100,2,0.270670566473225
2010,4,11,2010,7,21,34.094,139.526,2010-07-21,2010-04-11,101,0,0
2010,4,8,2010,4,8,37.748,14.999,2010-04-08,2010-04-08,0,0,0
2010,3,30,2010,7,10,31.934,130.862,2010-07-10,2010-03-30,102,1,0.367879441171442
2010,3,20,2010,6,23,63.633,-19.633,2010-06-23,2010-03-20,95,1,0.367879441171442
2010,2,25,2010,2,26,-4.649,145.964,2010-02-26,2010-02-25,1,2,0.270670566473225
2010,2,3,2010,4,8,24.285,141.481,2010-04-08,2010-02-03,64,0,0
2010,1,5,2010,11,29,-8.108,112.922,2010-11-29,2010-01-05,328,0,0
2010,1,5,2010,3,7,10.025,-83.767,2010-03-07,2010-01-05,61,1,0.367879441171442
2010,1,2,2010,1,29,-1.408,29.2,2010-01-29,2010-01-02,27,0,0
2010,1,1,2010,7,29,-1.467,-78.442,2010-07-29,2010-01-01,209,1,0.367879441171442
2009,12,17,2010,2,16,55.972,160.595,2010-02-16,2009-12-17,61,0,0
2009,12,11,2011,3,12,11.538,-85.622,2011-03-12,2009-12-11,456,1,0.367879441171442
2009,11,22,2012,4,20,-39.42,-71.93,2012-04-20,2009-11-22,880,0,0
2009,11,16,2014,10,13,10.2,-84.233,2014-10-13,2009-11-16,1792,1,0.367879441171442
2009,11,15,2009,11,15,31.934,130.862,2009-11-15,2009-11-15,0,1,0.367879441171442
2009,11,5,2010,1,12,-21.244,55.708,2010-01-12,2009-11-05,68,0,0
2009,10,2,2009,12,12,52.825,-169.944,2009-12-12,2009-10-02,71,1,0.367879441171442
2009,9,27,2010,6,19,-14.27,167.5,2010-06-19,2009-09-27,265,10,0.000453999297624849
2009,9,27,2009,9,27,-7.2,109.879,2009-09-27,2009-09-27,0,0,0
2009,9,16,2010,2,16,-5.525,148.42,2010-02-16,2009-09-16,153,4,0.0732625555549367
2009,9,15,2010,1,1,13.257,123.685,2010-01-01,2009-09-15,108,1,0.367879441171442
2009,9,6,2009,12,26,12.702,-87.004,2009-12-26,2009-09-06,111,1,0.367879441171442
2009,8,1,2010,12,20,56.056,160.642,2010-12-20,2009-08-01,506,1,0.367879441171442
2009,6,28,2009,7,1,12.17,40.82,2009-07-01,2009-06-28,3,0,0
2009,6,25,2009,6,25,52.825,-169.944,2009-06-25,2009-06-25,0,1,0.367879441171442
2009,6,11,2009,7,16,48.092,153.2,2009-07-16,2009-06-11,35,5,0.0336897349954273
2009,5,4,2009,12,16,-25.887,-177.188,2009-12-16,2009-05-04,226,7,0.00638317375888161
2009,5,2,2010,5,23,-8.42,116.47,2010-05-23,2009-05-02,386,1,0.367879441171442
2009,5,1,2009,6,3,-8.2,119.07,2009-06-03,2009-05-01,33,3,0.149361205103592
2009,4,21,2009,6,22,-7.242,109.208,2009-06-22,2009-04-21,62,0,0
2009,4,10,2009,4,28,-0.37,-91.55,2009-04-28,2009-04-10,18,0,0
2009,4,1,2009,4,1,34.094,139.526,2009-04-01,2009-04-01,0,1,0.367879441171442
2009,4,1,2009,6,19,-1.697,101.264,2009-06-19,2009-04-01,79,0,0
2009,3,25,2009,9,16,-6.102,105.423,2009-09-16,2009-03-25,175,3,0.149361205103592
2009,3,17,2009,3,22,-20.536,-175.382,2009-03-22,2009-03-17,5,4,0.0732625555549367
2009,3,15,2009,7,1,60.485,-152.742,2009-07-01,2009-03-15,108,0,0
2009,2,16,2009,2,17,-0.171,-78.598,2009-02-17,2009-02-16,1,0,0
2009,2,11,2009,7,13,50.686,156.014,2009-07-13,2009-02-11,152,1,0.367879441171442
2009,1,29,2009,3,24,-39.42,-71.93,2009-03-24,2009-01-29,54,0,0
2009,1,22,2009,1,22,-37.92,-71.45,2009-01-22,2009-01-22,0,1,0.367879441171442
2009,1,21,2009,1,22,-36.868,-71.378,2009-01-22,2009-01-21,1,0,0
2009,1,21,2009,5,2,36.406,138.523,2009-05-02,2009-01-21,101,0,0
2009,1,18,2009,1,19,-30.543,-178.556,2009-01-19,2009-01-18,1,5,0.0336897349954273
2009,1,15,2009,1,15,-7.2,109.879,2009-01-15,2009-01-15,0,0,0
2009,1,12,2009,3,21,10.2,-84.233,2009-03-21,2009-01-12,68,1,0.367879441171442
2009,1,2,2009,1,21,52.825,-169.944,2009-01-21,2009-01-02,19,2,0.270670566473225
2009,1,1,2009,1,1,-4.016,103.121,2009-01-01,2009-01-01,0,1,0.367879441171442
2008,12,23,2009,8,27,53.321,158.712,2009-08-27,2008-12-23,247,1,0.367879441171442
2008,11,29,2010,3,24,2.781,125.407,2010-03-24,2008-11-29,480,2,0.270670566473225
2008,11,21,2008,11,21,12.702,-87.004,2008-11-21,2008-11-21,0,2,0.270670566473225
2008,11,18,2008,11,28,43.384,144.013,2008-11-28,2008-11-18,10,1,0.367879441171442
2008,11,16,2008,11,16,-15.37,-174.23,2008-11-16,2008-11-16,0,9,0.00111068823678012
2008,11,16,2009,5,16,-15.1,-173.75,2009-05-16,2008-11-16,181,12,7.37305482399385e-05
2008,11,3,2008,12,16,13.793,40.553,2008-12-16,2008-11-03,43,0,0
2008,10,26,2012,1,14,2.93,-76.03,2012-01-14,2008-10-26,1175,0,0
2008,10,21,2010,1,2,1.22,-77.37,2010-01-02,2008-10-21,438,0,0
2008,10,8,2009,4,16,56.056,160.642,2009-04-16,2008-10-08,190,1,0.367879441171442
2008,9,21,2009,2,4,-21.244,55.708,2009-02-04,2008-09-21,136,0,0
2008,9,19,2008,11,29,-10.386,165.804,2008-11-29,2008-09-19,71,3,0.149361205103592
2008,8,22,2008,8,22,31.934,130.862,2008-08-22,2008-08-22,0,0,0
2008,8,10,2008,8,10,13.257,123.685,2008-08-10,2008-08-10,0,0,0
2008,8,10,2008,8,14,36.406,138.523,2008-08-14,2008-08-10,4,0,0
2008,8,7,2008,8,9,52.177,-175.508,2008-08-09,2008-08-07,2,1,0.367879441171442
2008,7,30,2008,7,30,11.538,-85.622,2008-07-30,2008-07-30,0,3,0.149361205103592
2008,7,29,2008,8,8,50.324,155.461,2008-08-08,2008-07-29,10,1,0.367879441171442
2008,7,27,2020,4,17,-0.077,-77.656,2020-04-17,2008-07-27,4282,0,0
2008,7,13,2008,10,4,-5.416,150.027,2008-10-04,2008-07-13,83,6,0.0148725130599982
2008,7,12,2008,8,19,53.43,-168.13,2008-08-19,2008-07-12,38,2,0.270670566473225
2008,7,11,2008,8,23,55.972,160.595,2008-08-23,2008-07-11,43,1,0.367879441171442
2008,7,5,2008,7,5,12.606,-86.84,2008-07-05,2008-07-05,0,2,0.270670566473225
2008,6,22,2008,8,5,12.702,-87.004,2008-08-05,2008-06-22,44,2,0.270670566473225
2008,6,12,2008,6,17,-8.119,114.056,2008-06-17,2008-06-12,5,0,0
2008,6,6,2008,11,2,1.112,124.737,2008-11-02,2008-06-06,149,0,0
2008,5,29,2008,6,17,-0.92,-91.408,2008-06-17,2008-05-29,19,0,0
2008,5,23,2018,12,17,-16.25,168.12,2018-12-17,2008-05-23,3860,4,0.0732625555549367
2008,5,13,2010,4,19,12.278,93.858,2010-04-19,2008-05-13,706,0,0
2008,5,13,2009,7,4,37.748,14.999,2009-07-04,2008-05-13,417,0,0
2008,5,8,2008,5,8,34.094,139.526,2008-05-08,2008-05-08,0,1,0.367879441171442
2008,5,2,2011,5,31,-42.833,-72.646,2011-05-31,2008-05-02,1124,1,0.367879441171442
2008,4,29,2008,12,17,11.985,-86.165,2008-12-17,2008-04-29,232,6,0.0148725130599982
2008,4,15,2008,4,28,-8.676,122.455,2008-04-28,2008-04-15,13,1,0.367879441171442
2008,4,5,2020,4,17,1.488,127.63,2020-04-17,2008-04-05,4395,0,0
2008,3,11,2008,3,13,-5.416,150.027,2008-03-13,2008-03-11,2,6,0.0148725130599982
2008,2,24,2008,2,24,-16.507,168.346,2008-02-24,2008-02-24,0,1,0.367879441171442
2008,2,22,2008,3,1,56.17,-159.38,2008-03-01,2008-02-22,8,0,0
2008,2,17,2008,2,17,32.884,131.104,2008-02-17,2008-02-17,0,1,0.367879441171442
2008,2,12,2008,2,12,54.756,-163.97,2008-02-12,2008-02-12,0,1,0.367879441171442
2008,2,8,2008,2,8,-25.887,-177.188,2008-02-08,2008-02-08,0,7,0.00638317375888161
2008,2,1,2008,2,1,-0.171,-78.598,2008-02-01,2008-02-01,0,0,0
2008,1,13,2008,1,13,10.2,-84.233,2008-01-13,2008-01-13,0,0,0
2008,1,7,2008,1,7,34.094,139.526,2008-01-07,2008-01-07,0,1,0.367879441171442
2008,1,2,2008,4,16,2.93,-76.03,2008-04-16,2008-01-02,105,0,0
2008,1,1,2009,6,12,-38.692,-71.729,2009-06-12,2008-01-01,528,1,0.367879441171442
2007,11,27,2007,12,16,-0.979,100.681,2007-12-16,2007-11-27,19,2,0.270670566473225
2007,11,27,2008,8,9,16.35,145.67,2008-08-09,2007-11-27,256,2,0.270670566473225
2007,11,24,2007,12,20,11.538,-85.622,2007-12-20,2007-11-24,26,8,0.00268370102322009
2007,10,28,2008,2,18,12.606,-86.84,2008-02-18,2007-10-28,113,2,0.270670566473225
2007,10,23,2008,8,30,-6.102,105.423,2008-08-30,2007-10-23,312,5,0.0336897349954273
2007,10,16,2008,4,16,-7.93,112.308,2008-04-16,2007-10-16,183,0,0
2007,10,4,2008,1,17,1.22,-77.37,2008-01-17,2007-10-04,105,0,0
2007,9,30,2008,6,16,15.55,41.83,2008-06-16,2007-09-30,260,0,0
2007,9,25,2007,9,25,-39.28,175.57,2007-09-25,2007-09-25,0,0,0
2007,9,9,2007,9,9,-1.697,101.264,2007-09-09,2007-09-09,0,0,0
2007,8,28,2007,8,28,-5.576,150.516,2007-08-28,2007-08-28,0,12,7.37305482399385e-05
2007,8,19,2007,11,1,50.324,155.461,2007-11-01,2007-08-19,74,1,0.367879441171442
2007,8,15,2007,9,13,55.417,-161.894,2007-09-13,2007-08-15,29,0,0
2007,8,12,2007,8,14,12.17,40.82,2007-08-14,2007-08-12,2,1,0.367879441171442
2007,7,26,2007,8,26,-8.119,114.056,2007-08-26,2007-07-26,31,0,0
2007,7,8,2007,7,16,1.38,127.53,2007-07-16,2007-07-08,8,1,0.367879441171442
2007,6,17,2008,8,12,52.825,-169.944,2008-08-12,2007-06-17,422,3,0.149361205103592
2007,6,16,2007,11,9,1.112,124.737,2007-11-09,2007-06-16,146,1,0.367879441171442
2007,6,16,2010,10,9,-2.764,35.914,2010-10-09,2007-06-16,1211,0,0
2007,6,12,2007,6,12,12.606,-86.84,2007-06-12,2007-06-12,0,3,0.149361205103592
2007,5,26,2007,8,8,-38.692,-71.729,2007-08-08,2007-05-26,74,1,0.367879441171442
2007,5,19,2007,5,21,-5.519,148.115,2007-05-21,2007-05-19,2,3,0.149361205103592
2007,5,10,2007,12,24,55.972,160.595,2007-12-24,2007-05-10,228,2,0.270670566473225
2007,5,1,2007,5,1,-5.05,151.33,2007-05-01,2007-05-01,0,13,2.93842822907537e-05
2007,4,21,2007,5,14,-16.507,168.346,2007-05-14,2007-04-21,23,2,0.270670566473225
2007,4,2,2007,4,6,-8.991,157.979,2007-04-06,2007-04-02,4,3,0.149361205103592
2007,3,19,2008,5,16,37.748,14.999,2008-05-16,2007-03-19,424,1,0.367879441171442
2007,3,19,2007,6,22,-0.979,100.681,2007-06-22,2007-03-19,95,3,0.149361205103592
2007,3,15,2007,10,11,-0.077,-77.656,2007-10-11,2007-03-15,210,0,0
2007,3,4,2007,4,18,50.324,155.461,2007-04-18,2007-03-04,45,1,0.367879441171442
2007,2,19,2007,5,28,2.93,-76.03,2007-05-28,2007-02-19,98,0,0
2007,2,15,2007,7,15,56.056,160.642,2007-07-15,2007-02-15,150,2,0.270670566473225
2007,2,9,2007,7,10,11.538,-85.622,2007-07-10,2007-02-09,151,9,0.00111068823678012
2007,1,17,2015,11,26,-7.791,123.585,2015-11-26,2007-01-17,3235,0,0
2007,1,12,2007,1,15,-11.75,43.38,2007-01-15,2007-01-12,3,0,0
2006,12,14,2006,12,26,1.112,124.737,2006-12-26,2006-12-14,12,1,0.367879441171442
2006,12,12,2007,11,4,-25.887,-177.188,2007-11-04,2006-12-12,327,4,0.0732625555549367
2006,12,11,2007,2,17,12.606,-86.84,2007-02-17,2006-12-11,68,3,0.149361205103592
2006,12,4,2006,12,8,18.13,145.8,2006-12-08,2006-12-04,4,1,0.367879441171442
2006,11,27,2006,12,5,-1.408,29.2,2006-12-05,2006-11-27,8,0,0
2006,11,25,2007,3,3,52.381,-174.166,2007-03-03,2006-11-25,98,2,0.270670566473225
2006,11,8,2007,12,27,-16.25,168.12,2007-12-27,2006-11-08,414,2,0.270670566473225
2006,10,17,2006,10,17,-5.519,148.115,2006-10-17,2006-10-17,0,3,0.149361205103592
2006,10,10,2007,10,4,12.769,124.056,2007-10-04,2006-10-10,359,1,0.367879441171442
2006,10,4,2006,10,4,-39.28,175.57,2006-10-04,2006-10-04,0,0,0
2006,9,25,2006,9,25,-4.016,103.121,2006-09-25,2006-09-25,0,1,0.367879441171442
2006,9,25,2006,12,16,10.2,-84.233,2006-12-16,2006-09-25,82,1,0.367879441171442
2006,9,17,2006,9,17,58.77,-153.672,2006-09-17,2006-09-17,0,0,0
2006,9,10,2006,9,10,-0.979,100.681,2006-09-10,2006-09-10,0,2,0.270670566473225
2006,9,1,2006,9,21,11.538,-85.622,2006-09-21,2006-09-01,20,8,0.00268370102322009
2006,8,23,2006,8,23,34.094,139.526,2006-08-23,2006-08-23,0,2,0.270670566473225
2006,8,11,2010,1,31,-4.271,152.203,2010-01-31,2006-08-11,1269,7,0.00638317375888161
2006,8,9,2008,7,6,-5.525,148.42,2008-07-06,2006-08-09,697,3,0.149361205103592
2006,8,7,2006,8,16,-18.992,-174.775,2006-08-16,2006-08-07,9,2,0.270670566473225
2006,8,4,2006,10,25,11.985,-86.165,2006-10-25,2006-08-04,82,9,0.00111068823678012
2006,8,4,2006,8,6,12.606,-86.84,2006-08-06,2006-08-04,2,3,0.149361205103592
2006,7,20,2007,5,1,-21.244,55.708,2007-05-01,2006-07-20,285,0,0
2006,7,14,2006,12,15,37.748,14.999,2006-12-15,2006-07-14,154,1,0.367879441171442
2006,7,13,2006,10,1,13.257,123.685,2006-10-01,2006-07-13,80,2,0.270670566473225
2006,7,3,2007,10,16,2.781,125.407,2007-10-16,2006-07-03,470,0,0
2006,7,1,2006,7,1,-7.791,123.585,2006-07-01,2006-07-01,0,0,0
2006,6,3,2006,7,25,10.412,123.132,2006-07-25,2006-06-03,52,0,0
2006,5,28,2006,6,3,-11.75,43.38,2006-06-03,2006-05-28,6,0,0
2006,4,18,2007,7,18,-23.37,-67.73,2007-07-18,2006-04-18,456,1,0.367879441171442
2006,4,16,2006,12,29,55.972,160.595,2006-12-29,2006-04-16,257,2,0.270670566473225
2006,3,25,2009,7,4,-16.355,-70.903,2009-07-04,2006-03-25,1197,1,0.367879441171442
2006,3,24,2006,3,24,10.2,-84.233,2006-03-24,2006-03-24,0,1,0.367879441171442
2006,3,21,2006,3,21,43.384,144.013,2006-03-21,2006-03-21,0,6,0.0148725130599982
2006,3,21,2006,6,28,12.769,124.056,2006-06-28,2006-03-21,99,4,0.0732625555549367
2006,3,20,2006,6,26,16.35,145.67,2006-06-26,2006-03-20,98,2,0.270670566473225
2006,3,17,2006,3,17,-29.27,-177.92,2006-03-17,2006-03-17,0,2,0.270670566473225
2006,3,16,2007,8,9,-7.54,110.446,2007-08-09,2006-03-16,511,0,0
2006,3,11,2008,3,3,-53.106,73.513,2008-03-03,2006-03-11,723,0,0
2006,3,9,2010,10,26,14.382,-90.601,2010-10-26,2006-03-09,1692,2,0.270670566473225
2006,3,3,2006,9,7,56.17,-159.38,2006-09-07,2006-03-03,188,0,0
2006,3,1,2007,1,18,-5.05,151.33,2007-01-18,2006-03-01,323,14,1.164140206745e-05
2006,2,21,2006,2,23,13.257,123.685,2006-02-23,2006-02-21,2,2,0.270670566473225
2006,2,17,2006,2,17,34.094,139.526,2006-02-17,2006-02-17,0,1,0.367879441171442
2006,2,11,2007,11,9,-10.386,165.804,2007-11-09,2006-02-11,636,2,0.270670566473225
2006,2,6,2006,10,28,52.825,-169.944,2006-10-28,2006-02-06,264,2,0.270670566473225
2005,12,26,2006,1,24,1.112,124.737,2006-01-24,2005-12-26,29,1,0.367879441171442
2005,12,16,2005,12,22,37.748,14.999,2005-12-22,2005-12-16,6,1,0.367879441171442
2005,12,9,2006,4,27,59.363,-153.43,2006-04-27,2005-12-09,139,1,0.367879441171442
2005,11,29,2005,12,1,55.972,160.595,2005-12-01,2005-11-29,2,2,0.270670566473225
2005,11,27,2006,2,16,-15.389,167.835,2006-02-16,2005-11-27,81,8,0.00268370102322009
2005,11,24,2005,12,8,-11.75,43.38,2005-12-08,2005-11-24,14,0,0
2005,11,24,2006,7,12,1.22,-77.37,2006-07-12,2005-11-24,230,0,0
2005,11,13,2006,5,27,12.702,-87.004,2006-05-27,2005-11-13,195,2,0.270670566473225
2005,10,27,2006,8,1,-16.507,168.346,2006-08-01,2005-10-27,278,2,0.270670566473225
2005,10,22,2005,10,30,-0.83,-91.17,2005-10-30,2005-10-22,8,0,0
2005,10,16,2005,11,17,-5.416,150.027,2005-11-17,2005-10-16,32,6,0.0148725130599982
2005,10,4,2006,1,18,-21.244,55.708,2006-01-18,2005-10-04,106,0,0
2005,9,26,2005,9,29,12.595,40.48,2005-09-29,2005-09-26,3,1,0.367879441171442
2005,9,11,2007,2,16,24.285,141.481,2007-02-16,2005-09-11,523,0,0
2005,9,7,2005,11,4,56.17,-159.38,2005-11-04,2005-09-07,58,0,0
2005,8,16,2006,1,16,9.83,-104.3,2006-01-16,2005-08-16,153,0,0
2005,7,28,2005,11,10,11.538,-85.622,2005-11-10,2005-07-28,105,6,0.0148725130599982
2005,7,23,2005,8,15,-8.119,114.056,2005-08-15,2005-07-23,23,1,0.367879441171442
2005,7,16,2005,8,16,64.633,-17.516,2005-08-16,2005-07-16,31,0,0
2005,7,2,2005,7,21,24.285,141.481,2005-07-21,2005-07-02,19,0,0
2005,6,16,2005,10,1,13.853,-89.63,2005-10-01,2005-06-16,107,2,0.270670566473225
2005,5,26,2007,12,23,12.278,93.858,2007-12-23,2005-05-26,941,1,0.367879441171442
2005,5,13,2005,5,29,-0.37,-91.55,2005-05-29,2005-05-13,16,0,0
2005,5,4,2005,5,4,-23.37,-67.73,2005-05-04,2005-05-04,0,1,0.367879441171442
2005,4,19,2006,3,31,-5.525,148.42,2006-03-31,2005-04-19,346,3,0.149361205103592
2005,4,19,2005,7,18,1.112,124.737,2005-07-18,2005-04-19,90,1,0.367879441171442
2005,4,16,2005,4,18,-11.75,43.38,2005-04-18,2005-04-16,2,0,0
2005,4,15,2013,2,5,16.72,-62.18,2013-02-05,2005-04-15,2853,0,0
2005,4,14,2005,8,16,32.884,131.104,2005-08-16,2005-04-14,124,0,0
2005,4,12,2005,5,18,34.094,139.526,2005-05-18,2005-04-12,36,1,0.367879441171442
2005,4,12,2005,7,18,-0.979,100.681,2005-07-18,2005-04-12,97,3,0.149361205103592
2005,3,27,2005,8,9,-5.05,151.33,2005-08-09,2005-03-27,135,8,0.00268370102322009
2005,3,13,2005,11,27,52.825,-169.944,2005-11-27,2005-03-13,259,1,0.367879441171442
2005,3,12,2005,4,7,50.324,155.461,2005-04-07,2005-03-12,26,3,0.149361205103592
2005,3,8,2005,3,8,31.44,140.051,2005-03-08,2005-03-08,0,0,0
2005,3,4,2005,3,30,11.985,-86.165,2005-03-30,2005-03-04,26,3,0.149361205103592
2005,3,2,2006,6,27,-25.887,-177.188,2006-06-27,2005-03-02,482,2,0.270670566473225
2005,2,23,2005,5,5,52.381,-174.166,2005-05-05,2005-02-23,71,1,0.367879441171442
2005,2,17,2005,2,26,-21.244,55.708,2005-02-26,2005-02-17,9,0,0
2005,2,6,2005,2,27,-8.676,122.455,2005-02-27,2005-02-06,21,1,0.367879441171442
2005,1,30,2005,3,31,-16.507,168.346,2005-03-31,2005-01-30,60,2,0.270670566473225
2005,1,29,2005,2,16,50.686,156.014,2005-02-16,2005-01-29,18,3,0.149361205103592
2005,1,25,2006,2,17,-4.271,152.203,2006-02-17,2005-01-25,388,8,0.00268370102322009
2005,1,25,2005,5,25,10.412,123.132,2005-05-25,2005-01-25,120,0,0
2005,1,20,2005,4,7,56.056,160.642,2005-04-07,2005-01-20,77,2,0.270670566473225
2005,1,9,2020,4,17,19.023,-98.622,2020-04-17,2005-01-09,5577,0,0
2005,1,4,2005,2,14,56.17,-159.38,2005-02-14,2005-01-04,41,0,0
2004,12,3,2004,12,7,12.702,-87.004,2004-12-07,2004-12-03,4,3,0.149361205103592
2004,11,30,2004,12,9,34.094,139.526,2004-12-09,2004-11-30,9,1,0.367879441171442
2004,11,24,2004,12,25,-5.525,148.42,2004-12-25,2004-11-24,31,3,0.149361205103592
2004,11,14,2004,11,14,-53.03,72.6,2004-11-14,2004-11-14,0,0,0
2004,11,7,2006,3,16,-0.077,-77.656,2006-03-16,2004-11-07,494,0,0
2004,11,5,2005,1,29,12.606,-86.84,2005-01-29,2004-11-05,85,3,0.149361205103592
2004,11,1,2004,11,4,64.416,-17.316,2004-11-04,2004-11-01,3,0,0
2004,10,24,2009,12,12,-4.08,145.037,2009-12-12,2004-10-24,1875,5,0.0336897349954273
2004,10,23,2020,4,17,29.638,129.714,2020-04-17,2004-10-23,5655,1,0.367879441171442
2004,10,18,2004,12,27,1.112,124.737,2004-12-27,2004-10-18,70,2,0.270670566473225
2004,10,1,2004,10,5,-8.42,116.47,2004-10-05,2004-10-01,4,1,0.367879441171442
2004,10,1,2008,1,27,46.2,-122.18,2008-01-27,2004-10-01,1213,0,0
2004,9,16,2004,9,16,-16.507,168.346,2004-09-16,2004-09-16,0,1,0.367879441171442
2004,9,15,2004,9,15,56.056,160.642,2004-09-15,2004-09-15,0,2,0.270670566473225
2004,9,7,2005,3,8,37.748,14.999,2005-03-08,2004-09-07,182,1,0.367879441171442
2004,9,1,2004,12,9,36.406,138.523,2004-12-09,2004-09-01,99,0,0
2004,8,5,2004,8,5,-0.38,100.474,2004-08-05,2004-08-05,0,1,0.367879441171442
2004,8,5,2007,12,24,-39.42,-71.93,2007-12-24,2004-08-05,1236,0,0
2004,7,29,2004,7,30,-37.42,-12.48,2004-07-30,2004-07-29,1,0,0
2004,7,20,2004,7,20,48.98,153.48,2004-07-20,2004-07-20,0,1,0.367879441171442
2004,7,19,2005,9,11,14.382,-90.601,2005-09-11,2004-07-19,419,5,0.0336897349954273
2004,7,16,2005,2,7,1.22,-77.37,2005-02-07,2004-07-16,206,0,0
2004,7,4,2004,7,4,11.985,-86.165,2004-07-04,2004-07-04,0,2,0.270670566473225
2004,7,3,2004,9,16,-8.676,122.455,2004-09-16,2004-07-03,75,1,0.367879441171442
2004,6,24,2004,6,24,-46.9,37.75,2004-06-24,2004-06-24,0,0,0
2004,6,22,2004,10,24,-1.697,101.264,2004-10-24,2004-06-22,124,2,0.270670566473225
2004,6,8,2004,6,24,-7.942,112.95,2004-06-24,2004-06-08,16,0,0
2004,6,6,2004,6,8,24.751,141.289,2004-06-08,2004-06-06,2,0,0
2004,6,3,2004,9,12,13.257,123.685,2004-09-12,2004-06-03,101,0,0
2004,6,2,2004,8,16,3.689,125.447,2004-08-16,2004-06-02,75,1,0.367879441171442
2004,5,26,2004,5,26,19.023,-98.622,2004-05-26,2004-05-26,0,0,0
2004,5,16,2005,2,22,1.488,127.63,2005-02-22,2004-05-16,282,7,0.00638317375888161
2004,5,8,2004,5,28,-1.408,29.2,2004-05-28,2004-05-08,20,2,0.270670566473225
2004,5,2,2004,10,16,-21.244,55.708,2004-10-16,2004-05-02,167,0,0
2004,4,15,2004,10,8,-8.119,114.056,2004-10-08,2004-04-15,176,1,0.367879441171442
2004,4,12,2004,4,14,-5.05,151.33,2004-04-14,2004-04-12,2,13,2.93842822907537e-05
2004,4,12,2005,9,3,16.35,145.67,2005-09-03,2004-04-12,509,1,0.367879441171442
2004,4,2,2005,8,5,2.781,125.407,2005-08-05,2004-04-02,490,1,0.367879441171442
2004,3,31,2004,3,31,12.606,-86.84,2004-03-31,2004-03-31,0,1,0.367879441171442
2004,3,19,2014,10,18,-19.75,-175.07,2014-10-18,2004-03-19,3865,0,0
2004,3,5,2004,10,16,30.793,130.305,2004-10-16,2004-03-05,225,0,0
2004,3,3,2004,5,2,16.72,-62.18,2004-05-02,2004-03-03,60,0,0
2004,2,25,2004,4,19,43.418,142.686,2004-04-19,2004-02-25,54,0,0
2004,2,24,2004,2,24,-5.576,150.516,2004-02-24,2004-02-24,0,9,0.00111068823678012
2004,2,17,2004,7,16,54.756,-163.97,2004-07-16,2004-02-17,150,0,0
2004,2,16,2004,9,5,56.17,-159.38,2004-09-05,2004-02-16,202,0,0
2004,2,16,2004,2,24,-16.68,168.37,2004-02-24,2004-02-16,8,5,0.0336897349954273
2004,2,12,2004,2,14,37.748,14.999,2004-02-14,2004-02-12,2,0,0
2004,1,29,2004,2,5,-8.676,122.455,2004-02-05,2004-01-29,7,0,0
2004,1,20,2004,1,27,-5.525,148.42,2004-01-27,2004-01-20,7,3,0.149361205103592
2004,1,14,2005,2,16,55.972,160.595,2005-02-16,2004-01-14,399,1,0.367879441171442
2004,1,14,2004,1,14,32.884,131.104,2004-01-14,2004-01-14,0,1,0.367879441171442
2003,12,9,2003,12,9,-23.37,-67.73,2003-12-09,2003-12-09,0,2,0.270670566473225
2003,11,6,2003,11,6,31.44,140.051,2003-11-06,2003-11-06,0,5,0.0336897349954273
2003,11,4,2003,11,4,25.424,141.284,2003-11-04,2003-11-04,0,0,0
2003,10,26,2004,3,28,-4.08,145.037,2004-03-28,2003-10-26,154,4,0.0732625555549367
2003,10,8,2003,10,11,13.257,123.685,2003-10-11,2003-10-08,3,0,0
2003,9,22,2003,12,12,11.985,-86.165,2003-12-12,2003-09-22,81,1,0.367879441171442
2003,9,12,2003,9,12,1.358,124.792,2003-09-12,2003-09-12,0,1,0.367879441171442
2003,8,29,2003,9,15,-36.868,-71.378,2003-09-15,2003-08-29,17,0,0
2003,7,31,2003,10,2,0.8,127.33,2003-10-02,2003-07-31,63,4,0.0732625555549367
2003,7,30,2003,7,31,-15.787,-71.857,2003-07-31,2003-07-30,1,1,0.367879441171442
2003,7,26,2003,8,1,55.972,160.595,2003-08-01,2003-07-26,6,1,0.367879441171442
2003,7,16,2003,7,16,-7.2,109.879,2003-07-16,2003-07-16,0,1,0.367879441171442
2003,7,10,2003,7,14,32.884,131.104,2003-07-14,2003-07-10,4,1,0.367879441171442
2003,7,2,2010,3,16,14.601,144.775,2010-03-16,2003-07-02,2449,1,0.367879441171442
2003,6,26,2003,7,29,-8.365,122.833,2003-07-29,2003-06-26,33,0,0
2003,6,17,2004,6,13,12.702,-87.004,2004-06-13,2003-06-17,362,2,0.270670566473225
2003,6,9,2004,6,14,-53.106,73.513,2004-06-14,2003-06-09,371,0,0
2003,6,8,2003,6,16,-16.507,168.346,2003-06-16,2003-06-08,8,3,0.149361205103592
2003,5,31,2003,10,15,10.73,-103.58,2003-10-15,2003-05-31,137,0,0
2003,5,30,2004,1,10,-21.244,55.708,2004-01-10,2003-05-30,225,0,0
2003,5,30,2003,9,1,-8.542,122.775,2003-09-01,2003-05-30,94,0,0
2003,5,23,2004,3,25,-39.42,-71.93,2004-03-25,2003-05-23,307,0,0
2003,5,17,2003,5,23,-4.08,145.037,2003-05-23,2003-05-17,6,1,0.367879441171442
2003,5,10,2003,7,12,16.35,145.67,2003-07-12,2003-05-10,63,1,0.367879441171442
2003,4,17,2003,7,3,50.324,155.461,2003-07-03,2003-04-17,77,3,0.149361205103592
2003,4,17,2003,4,17,-0.171,-78.598,2003-04-17,2003-04-17,0,0,0
2003,4,14,2003,10,10,-5.05,151.33,2003-10-10,2003-04-14,179,15,4.58853480752739e-06
2003,4,10,2004,9,16,-25.887,-177.188,2004-09-16,2003-04-10,525,1,0.367879441171442
2003,4,9,2003,4,16,-38.692,-71.729,2003-04-16,2003-04-09,7,0,0
2003,3,17,2003,5,14,13.257,123.685,2003-05-14,2003-03-17,58,0,0
2003,3,10,2003,3,10,25.424,141.284,2003-03-10,2003-03-10,0,0,0
2003,3,8,2003,11,9,37.748,14.999,2003-11-09,2003-03-08,246,0,0
2003,3,7,2003,7,23,10.412,123.132,2003-07-23,2003-03-07,138,0,0
2003,2,16,2003,10,16,30.793,130.305,2003-10-16,2003-02-16,242,1,0.367879441171442
2003,2,6,2003,4,18,36.406,138.523,2003-04-18,2003-02-06,71,0,0
2002,12,25,2002,12,28,55.972,160.595,2002-12-28,2002-12-25,3,0,0
2002,12,23,2003,4,1,1.358,124.792,2003-04-01,2002-12-23,99,1,0.367879441171442
2002,12,19,2003,3,11,24.285,141.481,2003-03-11,2002-12-19,82,1,0.367879441171442
2002,11,28,2002,11,28,10.412,123.132,2002-11-28,2002-11-28,0,0,0
2002,11,24,2004,4,8,56.056,160.642,2004-04-08,2002-11-24,501,0,0
2002,11,16,2002,12,3,-21.244,55.708,2002-12-03,2002-11-16,17,0,0
2002,11,11,2002,12,19,-7.32,107.73,2002-12-19,2002-11-11,38,0,0
2002,11,3,2003,1,10,-0.077,-77.656,2003-01-10,2002-11-03,68,0,0
2002,11,1,2002,11,24,-25.887,-177.188,2002-11-24,2002-11-01,23,1,0.367879441171442
2002,10,26,2003,1,28,37.748,14.999,2003-01-28,2002-10-26,94,0,0
2002,10,26,2002,10,27,-23.37,-67.73,2002-10-27,2002-10-26,1,2,0.270670566473225
2002,10,12,2002,10,12,-8.542,122.775,2002-10-12,2002-10-12,0,0,0
2002,10,11,2002,10,11,13.257,123.685,2002-10-11,2002-10-11,0,0,0
2002,10,11,2002,12,7,-0.171,-78.598,2002-12-07,2002-10-11,57,0,0
2002,10,6,2004,2,17,-4.271,152.203,2004-02-17,2002-10-06,499,17,7.03789412193478e-07
2002,9,25,2002,9,29,2.3,125.37,2002-09-29,2002-09-25,4,0,0
2002,9,24,2003,3,23,56.17,-159.38,2003-03-23,2002-09-24,180,1,0.367879441171442
2002,9,4,2002,9,4,31.44,140.051,2002-09-04,2002-09-04,0,5,0.0336897349954273
2002,8,22,2002,11,3,-5.05,151.33,2002-11-03,2002-08-22,73,17,7.03789412193478e-07
2002,8,12,2002,8,20,30.484,140.303,2002-08-20,2002-08-12,8,0,0
2002,8,3,2003,3,26,-5.576,150.516,2003-03-26,2002-08-03,235,9,0.00111068823678012
2002,8,2,2002,8,2,-5.519,148.115,2002-08-02,2002-08-02,0,8,0.00268370102322009
2002,8,1,2002,8,2,62.006,-144.017,2002-08-02,2002-08-01,1,0,0
2002,7,29,2002,8,15,-8.058,114.242,2002-08-15,2002-07-29,17,1,0.367879441171442
2002,7,25,2002,9,16,-1.408,29.2,2002-09-16,2002-07-25,53,0,0
2002,7,16,2002,9,16,64.633,-17.516,2002-09-16,2002-07-16,62,0,0
2002,6,16,2002,8,25,-8.119,114.056,2002-08-25,2002-06-16,70,1,0.367879441171442
2002,6,7,2002,6,7,1.22,-77.37,2002-06-07,2002-06-07,0,0,0
2002,5,30,2002,6,17,14.382,-90.601,2002-06-17,2002-05-30,18,4,0.0732625555549367
2002,5,29,2002,12,16,12.702,-87.004,2002-12-16,2002-05-29,201,2,0.270670566473225
2002,5,25,2003,4,9,-5.525,148.42,2003-04-09,2002-05-25,319,6,0.0148725130599982
2002,5,24,2002,5,24,-25.887,-177.188,2002-05-24,2002-05-24,0,1,0.367879441171442
2002,5,17,2020,4,16,-1.52,29.25,2020-04-16,2002-05-17,6544,0,0
2002,5,11,2002,7,16,30.793,130.305,2002-07-16,2002-05-11,66,2,0.270670566473225
2002,4,16,2002,4,16,-0.171,-78.598,2002-04-16,2002-04-16,0,0,0
2002,4,9,2002,6,9,56.056,160.642,2002-06-09,2002-04-09,61,0,0
2002,3,16,2002,3,16,-16.68,168.37,2002-03-16,2002-03-16,0,7,0.00638317375888161
2002,2,28,2002,2,28,25.424,141.284,2002-02-28,2002-02-28,0,0,0
2002,2,9,2002,5,16,1.358,124.792,2002-05-16,2002-02-09,96,0,0
2002,1,25,2002,4,22,50.324,155.461,2002-04-22,2002-01-25,87,1,0.367879441171442
2002,1,17,2002,2,3,-1.52,29.25,2002-02-03,2002-01-17,17,0,0
2002,1,16,2002,1,16,13.434,-88.269,2002-01-16,2002-01-16,0,16,1.80056279550815e-06
2002,1,13,2002,5,21,-4.08,145.037,2002-05-21,2002-01-13,128,3,0.149361205103592
2002,1,5,2002,1,16,-21.244,55.708,2002-01-16,2002-01-05,11,0,0
2002,1,4,2020,4,17,14.473,-90.88,2020-04-17,2002-01-04,6678,5,0.0336897349954273
2001,12,16,2002,10,30,37.748,14.999,2002-10-30,2001-12-16,318,0,0
2001,12,10,2002,1,6,55.972,160.595,2002-01-06,2001-12-10,27,0,0
2001,12,4,2001,12,6,12.3,-61.64,2001-12-06,2001-12-04,2,0,0
2001,11,26,2001,11,26,-0.171,-78.598,2001-11-26,2001-11-26,0,0,0
2001,11,24,2002,3,16,-32.958,-5.22,2002-03-16,2001-11-24,112,0,0
2001,11,15,2016,4,1,54.049,159.443,2016-04-01,2001-11-15,5251,0,0
2001,10,31,2002,2,28,31.44,140.051,2002-02-28,2001-10-31,120,5,0.0336897349954273
2001,10,31,2001,10,31,14.382,-90.601,2001-10-31,2001-10-31,0,4,0.0732625555549367
2001,10,30,2001,10,30,24.417,141.417,2001-10-30,2001-10-30,0,0,0
2001,10,30,2002,6,19,24.285,141.481,2002-06-19,2001-10-30,232,1,0.367879441171442
2001,10,29,2001,10,29,25.424,141.284,2001-10-29,2001-10-29,0,0,0
2001,10,5,2001,10,5,53.256,158.836,2001-10-05,2001-10-05,0,1,0.367879441171442
2001,10,1,2007,9,20,-58.445,-26.374,2007-09-20,2001-10-01,2180,2,0.270670566473225
2001,9,27,2001,9,28,-18.325,-174.365,2001-09-28,2001-09-27,1,4,0.0732625555549367
2001,9,25,2001,11,15,-0.979,100.681,2001-11-15,2001-09-25,51,0,0
2001,9,21,2001,10,23,24.751,141.289,2001-10-23,2001-09-21,32,0,0
2001,8,28,2001,8,28,-5.05,151.33,2001-08-28,2001-08-28,0,16,1.80056279550815e-06
2001,7,23,2001,8,10,55.972,160.595,2001-08-10,2001-07-23,18,0,0
2001,7,21,2001,9,17,-6.102,105.423,2001-09-17,2001-07-21,58,5,0.0336897349954273
2001,7,17,2001,8,9,37.748,14.999,2001-08-09,2001-07-17,23,0,0
2001,6,14,2001,6,25,-4.08,145.037,2001-06-25,2001-06-14,11,3,0.149361205103592
2001,6,11,2001,7,7,-21.244,55.708,2001-07-07,2001-06-11,26,0,0
2001,6,8,2001,6,19,-16.507,168.346,2001-06-19,2001-06-08,11,8,0.00268370102322009
2001,5,28,2001,10,3,1.488,127.63,2001-10-03,2001-05-28,128,3,0.149361205103592
2001,5,17,2001,7,5,-23.37,-67.73,2001-07-05,2001-05-17,49,1,0.367879441171442
2001,5,12,2002,8,27,-1.697,101.264,2002-08-27,2001-05-12,472,0,0
2001,5,11,2001,12,9,12.702,-87.004,2001-12-09,2001-05-11,212,2,0.270670566473225
2001,4,24,2001,4,25,20.42,145.03,2001-04-25,2001-04-24,1,0,0
2001,4,23,2001,4,25,11.985,-86.165,2001-04-25,2001-04-23,2,1,0.367879441171442
2001,4,13,2001,6,5,-0.38,100.474,2001-06-05,2001-04-13,53,0,0
2001,3,27,2001,4,4,-21.244,55.708,2001-04-04,2001-03-27,8,0,0
2001,2,19,2001,2,19,-37.52,177.18,2001-02-19,2001-02-19,0,1,0.367879441171442
2001,2,6,2001,4,5,-1.408,29.2,2001-04-05,2001-02-06,58,0,0
2001,2,2,2001,4,15,52.825,-169.944,2001-04-15,2001-02-02,72,4,0.0732625555549367
2001,1,17,2001,12,19,12.606,-86.84,2001-12-19,2001-01-17,336,0,0
2001,1,16,2001,5,3,-5.05,151.33,2001-05-03,2001-01-16,107,17,7.03789412193478e-07
2001,1,11,2001,3,16,-8.73,120.98,2001-03-16,2001-01-11,64,5,0.0336897349954273
2001,1,11,2002,11,24,34.094,139.526,2002-11-24,2001-01-11,682,14,1.164140206745e-05
2001,1,8,2001,8,8,13.257,123.685,2001-08-08,2001-01-08,212,0,0
2000,12,25,2000,12,26,4.903,96.289,2000-12-26,2000-12-25,1,2,0.270670566473225
2000,12,19,2004,7,5,29.638,129.714,2004-07-05,2000-12-19,1294,2,0.270670566473225
2000,11,29,2001,1,15,-7.942,112.95,2001-01-15,2000-11-29,47,1,0.367879441171442
2000,10,30,2000,10,30,31.44,140.051,2000-10-30,2000-10-30,0,1,0.367879441171442
2000,10,30,2000,10,30,25.424,141.284,2000-10-30,2000-10-30,0,2,0.270670566473225
2000,10,16,2001,12,16,30.793,130.305,2001-12-16,2000-10-16,426,3,0.149361205103592
2000,9,28,2000,11,1,-5.05,151.33,2000-11-01,2000-09-28,34,10,0.000453999297624849
2000,9,4,2000,11,8,42.063,140.677,2000-11-08,2000-09-04,65,0,0
2000,9,1,2000,9,10,-8.058,114.242,2000-09-10,2000-09-01,9,0,0
2000,8,22,2000,8,27,-3.522,102.615,2000-08-27,2000-08-22,5,2,0.270670566473225
2000,8,16,2001,7,5,14.382,-90.601,2001-07-05,2000-08-16,323,10,0.000453999297624849
2000,7,28,2000,9,22,56.056,160.642,2000-09-22,2000-07-28,56,0,0
2000,7,26,2001,6,13,24.285,141.481,2001-06-13,2000-07-26,322,3,0.149361205103592
2000,7,20,2001,1,18,-23.37,-67.73,2001-01-18,2000-07-20,182,0,0
2000,7,18,2000,11,4,55.972,160.595,2000-11-04,2000-07-18,109,0,0
2000,7,16,2000,10,16,-7.242,109.208,2000-10-16,2000-07-16,92,0,0
2000,7,16,2000,8,31,13.257,123.685,2000-08-31,2000-07-16,46,0,0
2000,7,9,2000,7,9,-8.119,114.056,2000-07-09,2000-07-09,0,0,0
2000,7,1,2000,10,18,-37.856,-71.183,2000-10-18,2000-07-01,109,1,0.367879441171442
2000,6,30,2000,6,30,52.449,158.196,2000-06-30,2000-06-30,0,5,0.0336897349954273
2000,6,27,2000,9,28,34.094,139.526,2000-09-28,2000-06-27,93,1,0.367879441171442
2000,6,23,2000,11,13,-21.244,55.708,2000-11-13,2000-06-23,143,0,0
2000,6,3,2000,6,4,-4.08,145.037,2000-06-04,2000-06-03,1,4,0.0732625555549367
2000,5,29,2000,10,30,-6.102,105.423,2000-10-30,2000-05-29,154,4,0.0732625555549367
2000,5,28,2000,9,15,4.203,9.17,2000-09-15,2000-05-28,110,0,0
2000,5,13,2003,9,4,1.112,124.737,2003-09-04,2000-05-13,1209,1,0.367879441171442
2000,5,13,2013,11,16,-57.8,-26.483,2013-11-16,2000-05-13,4935,4,0.0732625555549367
2000,5,10,2001,8,18,1.358,124.792,2001-08-18,2000-05-10,465,1,0.367879441171442
2000,4,16,2000,10,29,-15.787,-71.857,2000-10-29,2000-04-16,196,2,0.270670566473225
2000,3,31,2001,9,15,42.544,140.839,2001-09-15,2000-03-31,533,0,0
2000,3,21,2000,5,18,1.22,-77.37,2000-05-18,2000-03-21,58,0,0
2000,3,17,2000,3,17,52.449,158.196,2000-03-17,2000-03-17,0,4,0.0732625555549367
2000,3,14,2000,3,26,55.972,160.595,2000-03-26,2000-03-14,12,0,0
2000,3,11,2000,4,3,-0.38,100.474,2000-04-03,2000-03-11,23,0,0
2000,3,7,2001,2,16,-53.106,73.513,2001-02-16,2000-03-07,346,0,0
2000,3,7,2000,9,5,-37.52,177.18,2000-09-05,2000-03-07,182,1,0.367879441171442
2000,2,29,2001,5,8,-10.386,165.804,2001-05-08,2000-02-29,434,7,0.00638317375888161
2000,2,28,2020,4,17,-6.137,155.196,2020-04-17,2000-02-28,7354,10,0.000453999297624849
2000,2,26,2000,3,8,63.983,-19.666,2000-03-08,2000-02-26,11,0,0
2000,2,24,2000,2,24,29.638,129.714,2000-02-24,2000-02-24,0,0,0
2000,2,14,2000,3,4,-21.244,55.708,2000-03-04,2000-02-14,19,0,0
2000,2,3,2000,2,8,56.056,160.642,2000-02-08,2000-02-03,5,0,0
2000,1,27,2000,2,10,-1.408,29.2,2000-02-10,2000-01-27,14,0,0
2000,1,25,2000,1,26,25.424,141.284,2000-01-26,2000-01-25,1,2,0.270670566473225
2000,1,16,2000,3,16,30.793,130.305,2000-03-16,2000-01-16,60,1,0.367879441171442
1999,12,27,1999,12,29,11.538,-85.622,1999-12-29,1999-12-27,2,3,0.149361205103592
1999,11,22,2000,3,2,11.985,-86.165,2000-03-02,1999-11-22,101,4,0.0732625555549367
1999,11,16,2003,8,16,-8.991,157.979,2003-08-16,1999-11-16,1369,3,0.149361205103592
1999,10,20,1999,10,20,-5.05,151.33,1999-10-20,1999-10-20,0,8,0.00268370102322009
1999,10,7,1999,10,13,45.389,148.838,1999-10-13,1999-10-07,6,2,0.270670566473225
1999,10,5,2009,7,8,-1.467,-78.442,2009-07-08,1999-10-05,3564,1,0.367879441171442
1999,9,25,2000,2,4,54.756,-163.97,2000-02-04,1999-09-25,132,1,0.367879441171442
1999,9,10,1999,9,10,24.751,141.289,1999-09-10,1999-09-10,0,2,0.270670566473225
1999,9,8,2000,2,18,24.285,141.481,2000-02-18,1999-09-08,163,3,0.149361205103592
1999,9,7,1999,9,16,25.424,141.284,1999-09-16,1999-09-07,9,2,0.270670566473225
1999,8,15,2020,4,17,56.653,161.36,2020-04-17,1999-08-15,7551,0,0
1999,8,5,1999,8,7,12.506,-86.702,1999-08-07,1999-08-05,2,2,0.270670566473225
1999,7,19,1999,10,23,-21.244,55.708,1999-10-23,1999-07-19,96,0,0
1999,7,17,1999,8,15,63.633,-19.083,1999-08-15,1999-07-17,29,0,0
1999,6,28,1999,6,28,-8.058,114.242,1999-06-28,1999-06-28,0,0,0
1999,6,22,2000,3,19,13.257,123.685,2000-03-19,1999-06-22,271,0,0
1999,6,15,1999,6,30,29.638,129.714,1999-06-30,1999-06-15,15,1,0.367879441171442
1999,6,6,1999,6,11,-25.887,-177.188,1999-06-11,1999-06-06,5,3,0.149361205103592
1999,5,22,1999,9,16,-8.53,123.57,1999-09-16,1999-05-22,117,1,0.367879441171442
1999,5,21,2000,12,9,14.473,-90.88,2000-12-09,1999-05-21,568,7,0.00638317375888161
1999,5,21,2000,9,6,12.606,-86.84,2000-09-06,1999-05-21,474,1,0.367879441171442
1999,5,14,1999,5,14,62.006,-144.017,1999-05-14,1999-05-14,0,0,0
1999,5,1,1999,9,16,-7.242,109.208,1999-09-16,1999-05-01,138,0,0
1999,5,1,2000,6,16,12.702,-87.004,2000-06-16,1999-05-01,412,2,0.270670566473225
1999,4,16,1999,9,16,-0.38,100.474,1999-09-16,1999-04-16,153,0,0
1999,4,5,1999,4,15,85.608,85.25,1999-04-15,1999-04-05,10,5,0.0336897349954273
1999,4,3,1999,4,12,56.653,161.36,1999-04-12,1999-04-03,9,0,0
1999,3,31,1999,7,1,-8.542,122.775,1999-07-01,1999-03-31,92,1,0.367879441171442
1999,3,28,1999,4,17,4.203,9.17,1999-04-17,1999-03-28,20,0,0
1999,3,16,1999,9,16,-1.697,101.264,1999-09-16,1999-03-16,184,0,0
1999,3,16,2003,10,28,2.781,125.407,2003-10-28,1999-03-16,1687,2,0.270670566473225
1999,3,15,2000,6,16,-8.242,115.375,2000-06-16,1999-03-15,459,0,0
1999,3,13,1999,5,27,54.756,-163.97,1999-05-27,1999-03-13,75,1,0.367879441171442
1999,3,9,1999,4,30,4.903,96.289,1999-04-30,1999-03-09,52,2,0.270670566473225
1999,2,25,1999,2,25,55.972,160.595,1999-02-25,1999-02-25,0,0,0
1999,2,16,1999,5,16,-8.991,157.979,1999-05-16,1999-02-16,89,6,0.0148725130599982
1999,2,5,1999,8,16,-6.102,105.423,1999-08-16,1999-02-05,192,2,0.270670566473225
1999,2,5,1999,7,12,56.056,160.642,1999-07-12,1999-02-05,157,0,0
1999,1,19,1999,1,19,-57.8,-26.483,1999-01-19,1999-01-19,0,3,0.149361205103592
1999,1,8,1999,1,14,-20.852,-175.55,1999-01-14,1999-01-08,6,2,0.270670566473225
1999,1,5,1999,2,24,29.638,129.714,1999-02-24,1999-01-05,50,2,0.270670566473225
1998,12,18,1999,9,16,1.488,127.63,1999-09-16,1998-12-18,272,0,0
1998,12,18,1998,12,28,64.416,-17.316,1998-12-28,1998-12-18,10,1,0.367879441171442
1998,11,25,2000,3,16,38.73,-27.32,2000-03-16,1998-11-25,477,1,0.367879441171442
1998,11,18,1998,11,21,-35.223,-70.568,1998-11-21,1998-11-18,3,0,0
1998,11,9,1998,11,9,43.384,144.013,1998-11-09,1998-11-09,0,1,0.367879441171442
1998,11,4,1998,11,4,54.756,-163.97,1998-11-04,1998-11-04,0,1,0.367879441171442
1998,10,27,1998,10,27,25.424,141.284,1998-10-27,1998-10-27,0,2,0.270670566473225
1998,10,27,1999,1,13,31.44,140.051,1999-01-13,1998-10-27,78,2,0.270670566473225
1998,10,25,1998,10,25,42.063,140.677,1998-10-25,1998-10-25,0,0,0
1998,10,17,1998,10,25,-1.408,29.2,1998-10-25,1998-10-17,8,0,0
1998,10,16,1999,1,12,24.285,141.481,1999-01-12,1998-10-16,88,3,0.149361205103592
1998,9,15,1998,10,21,-0.92,-91.408,1998-10-21,1998-09-15,36,0,0
1998,9,14,1998,9,14,11.985,-86.165,1998-09-14,1998-09-14,0,8,0.00268370102322009
1998,8,22,1999,8,16,-37.52,177.18,1999-08-16,1998-08-22,359,0,0
1998,8,13,1998,8,13,57.135,-156.99,1998-08-13,1998-08-13,0,0,0
1998,8,7,2001,5,25,-0.171,-78.598,2001-05-25,1998-08-07,1022,1,0.367879441171442
1998,7,23,1998,9,2,56.056,160.642,1998-09-02,1998-07-23,41,0,0
1998,7,16,2000,4,25,-16.507,168.346,2000-04-25,1998-07-16,649,1,0.367879441171442
1998,7,4,1998,7,4,-1.697,101.264,1998-07-04,1998-07-04,0,1,0.367879441171442
1998,6,20,1998,6,22,55.972,160.595,1998-06-22,1998-06-20,2,0,0
1998,5,30,1998,9,3,56.653,161.36,1998-09-03,1998-05-30,96,0,0
1998,5,21,1998,5,21,25.424,141.284,1998-05-21,1998-05-21,0,2,0.270670566473225
1998,5,8,1998,7,8,52.381,-174.166,1998-07-08,1998-05-08,61,2,0.270670566473225
1998,4,25,1999,8,16,30.793,130.305,1999-08-16,1998-04-25,478,2,0.270670566473225
1998,4,19,1998,4,26,4.903,96.289,1998-04-26,1998-04-19,7,1,0.367879441171442
1998,4,3,1998,4,23,-38.692,-71.729,1998-04-23,1998-04-03,20,0,0
1998,3,28,1998,3,29,-37.52,177.18,1998-03-29,1998-03-28,1,0,0
1998,3,9,1998,9,20,-21.244,55.708,1998-09-20,1998-03-09,195,0,0
1998,2,24,2002,6,16,-39.42,-71.93,2002-06-16,1998-02-24,1573,0,0
1998,2,15,1998,9,16,10.83,-85.324,1998-09-16,1998-02-15,213,2,0.270670566473225
1998,1,25,1998,2,5,45.95,-130,1998-02-05,1998-01-25,11,0,0
1997,12,15,1998,2,4,-25.887,-177.188,1998-02-04,1997-12-15,51,4,0.0732625555549367
1997,12,5,1997,12,6,55.972,160.595,1997-12-06,1997-12-05,1,0,0
1997,11,22,2011,6,21,19.514,-103.62,2011-06-21,1997-11-22,4959,2,0.270670566473225
1997,11,21,1997,11,21,31.44,140.051,1997-11-21,1997-11-21,0,2,0.270670566473225
1997,11,18,1998,5,21,24.285,141.481,1998-05-21,1997-11-18,184,0,0
1997,10,29,1997,12,10,36.921,138.036,1997-12-10,1997-10-29,42,0,0
1997,10,9,1997,10,18,-39.28,175.57,1997-10-18,1997-10-09,9,0,0
1997,9,7,1997,9,26,56.056,160.642,1997-09-26,1997-09-07,19,0,0
1997,8,23,1997,8,23,50.861,155.565,1997-08-23,1997-08-23,0,0,0
1997,8,16,1997,8,16,39.964,140.757,1997-08-16,1997-08-16,0,0,0
1997,7,15,1997,7,15,15.307,-61.305,1997-07-15,1997-07-15,0,1,0.367879441171442
1997,7,2,1999,7,2,-8.2,119.07,1999-07-02,1997-07-02,730,0,0
1997,6,27,1997,7,16,38.23,-26.63,1997-07-16,1997-06-27,19,1,0.367879441171442
1997,6,3,1997,11,17,11.985,-86.165,1997-11-17,1997-06-03,167,7,0.00638317375888161
1997,6,2,1997,6,2,54.756,-163.97,1997-06-02,1997-06-02,0,1,0.367879441171442
1997,5,19,1997,7,7,12.702,-87.004,1997-07-07,1997-05-19,49,2,0.270670566473225
1997,5,11,1997,5,11,39.964,140.757,1997-05-11,1997-05-11,0,0,0
1997,5,8,1997,5,16,55.972,160.595,1997-05-16,1997-05-08,8,1,0.367879441171442
1997,5,5,1997,5,5,52.825,-169.944,1997-05-05,1997-05-05,0,3,0.149361205103592
1997,4,18,1997,4,21,-25.887,-177.188,1997-04-21,1997-04-18,3,4,0.0732625555549367
1997,3,16,1997,5,16,-6.102,105.423,1997-05-16,1997-03-16,61,0,0
1997,3,16,1997,10,18,-0.171,-78.598,1997-10-18,1997-03-16,216,1,0.367879441171442
1997,3,16,1997,10,16,-38.692,-71.729,1997-10-16,1997-03-16,214,1,0.367879441171442
1997,3,10,1997,3,10,25.424,141.284,1997-03-10,1997-03-10,0,0,0
1997,3,8,1997,4,4,56.653,161.36,1997-04-04,1997-03-08,27,1,0.367879441171442
1997,2,11,1997,5,19,53.43,-168.13,1997-05-19,1997-02-11,97,2,0.270670566473225
1997,1,16,1997,1,17,-8.991,157.979,1997-01-17,1997-01-16,1,3,0.149361205103592
1996,12,31,1996,12,31,-7.2,109.879,1996-12-31,1996-12-31,0,0,0
1996,12,26,1997,4,17,29.638,129.714,1997-04-17,1996-12-26,112,5,0.0336897349954273
1996,12,16,1997,2,10,-53.03,72.6,1997-02-10,1996-12-16,56,0,0
1996,12,5,1996,12,5,11.985,-86.165,1996-12-05,1996-12-05,0,7,0.00638317375888161
1996,12,1,1996,12,5,-1.408,29.2,1996-12-05,1996-12-01,4,0,0
1996,11,21,1996,11,21,43.384,144.013,1996-11-21,1996-11-21,0,0,0
1996,11,14,1997,3,20,56.056,160.642,1997-03-20,1996-11-14,126,1,0.367879441171442
1996,10,18,1996,10,18,-23.37,-67.73,1996-10-18,1996-10-18,0,1,0.367879441171442
1996,10,1,1997,6,16,2.781,125.407,1997-06-16,1996-10-01,258,2,0.270670566473225
1996,9,30,1996,11,6,64.416,-17.316,1996-11-06,1996-09-30,37,1,0.367879441171442
1996,9,20,1996,9,22,-25.887,-177.188,1996-09-22,1996-09-20,2,4,0.0732625555549367
1996,9,17,1996,9,18,52.5,-171.252,1996-09-18,1996-09-17,1,2,0.270670566473225
1996,9,14,1997,8,16,-39.42,-71.93,1997-08-16,1996-09-14,336,1,0.367879441171442
1996,9,11,1997,1,3,55.417,-161.894,1997-01-03,1996-09-11,114,2,0.270670566473225
1996,9,1,1996,9,1,37.647,140.281,1996-09-01,1996-09-01,0,0,0
1996,8,16,1996,10,16,-1.697,101.264,1996-10-16,1996-08-16,61,1,0.367879441171442
1996,8,10,1996,8,10,10.412,123.132,1996-08-10,1996-08-10,0,0,0
1996,7,23,1996,9,1,55.972,160.595,1996-09-01,1996-07-23,40,1,0.367879441171442
1996,7,16,1996,10,16,-6.102,105.423,1996-10-16,1996-07-16,92,0,0
1996,6,16,1996,9,1,-39.28,175.57,1996-09-01,1996-06-16,77,0,0
1996,6,16,2005,8,16,-16.25,168.12,2005-08-16,1996-06-16,3348,11,0.000183718708692702
1996,4,8,1996,4,8,10.2,-84.233,1996-04-08,1996-04-08,0,1,0.367879441171442
1996,3,5,2003,11,22,19.023,-98.622,2003-11-22,1996-03-05,2818,0,0
1996,3,5,1996,3,12,42.063,140.677,1996-03-12,1996-03-05,7,1,0.367879441171442
1996,2,28,1996,3,15,42.67,-126.78,1996-03-15,1996-02-28,16,0,0
1996,2,25,1996,8,9,18.92,-155.27,1996-08-09,1996-02-25,166,0,0
1996,2,18,1996,2,22,-20.98,170.28,1996-02-22,1996-02-18,4,5,0.0336897349954273
1996,2,10,1996,5,1,32.761,130.299,1996-05-01,1996-02-10,81,0,0
1996,1,22,1996,1,22,31.44,140.051,1996-01-22,1996-01-22,0,0,0
1996,1,11,1996,1,12,23.5,141.935,1996-01-12,1996-01-11,1,2,0.270670566473225
1996,1,2,1996,1,3,53.98,159.45,1996-01-03,1996-01-02,1,2,0.270670566473225
1996,1,2,2000,12,20,54.049,159.443,2000-12-20,1996-01-02,1814,2,0.270670566473225
1995,12,23,1996,5,16,54.756,-163.97,1996-05-16,1995-12-23,145,2,0.270670566473225
1995,11,28,2001,9,5,-4.271,152.203,2001-09-05,1995-11-28,2108,3,0.149361205103592
1995,11,27,1995,11,30,-25.887,-177.188,1995-11-30,1995-11-27,3,2,0.270670566473225
1995,11,21,1997,7,28,24.285,141.481,1997-07-28,1995-11-21,615,0,0
1995,11,15,1995,11,30,56.17,-159.38,1995-11-30,1995-11-15,15,0,0
1995,11,9,1995,12,17,2.781,125.407,1995-12-17,1995-11-09,38,0,0
1995,11,6,1995,11,13,10.83,-85.324,1995-11-13,1995-11-06,7,1,0.367879441171442
1995,10,13,1995,10,22,-38.692,-71.729,1995-10-22,1995-10-13,9,1,0.367879441171442
1995,10,11,1995,10,25,15.62,145.57,1995-10-25,1995-10-11,14,1,0.367879441171442
1995,10,11,1996,3,24,33.086,131.249,1996-03-24,1995-10-11,165,0,0
1995,9,16,1995,10,8,55.972,160.595,1995-10-08,1995-09-16,22,1,0.367879441171442
1995,9,9,1995,12,16,-7.942,112.95,1995-12-16,1995-09-09,98,0,0
1995,9,1,1995,9,26,-20.73,-68.55,1995-09-26,1995-09-01,25,1,0.367879441171442
1995,7,18,2003,10,8,16.72,-62.18,2003-10-08,1995-07-18,3004,1,0.367879441171442
1995,7,5,1995,7,7,31.44,140.051,1995-07-07,1995-07-05,2,0,0
1995,6,28,1995,6,29,-37.52,177.18,1995-06-29,1995-06-28,1,1,0.367879441171442
1995,6,19,1995,6,23,51.923,-177.168,1995-06-23,1995-06-19,4,8,0.00268370102322009
1995,6,6,1995,6,23,-19.18,-174.87,1995-06-23,1995-06-06,17,0,0
1995,5,29,1995,12,6,12.506,-86.702,1995-12-06,1995-05-29,191,3,0.149361205103592
1995,4,17,1995,4,17,56.17,-159.38,1995-04-17,1995-04-17,0,0,0
1995,4,16,1998,2,16,-57.8,-26.483,1998-02-16,1995-04-16,1037,2,0.270670566473225
1995,4,15,1995,6,2,-39.42,-71.93,1995-06-02,1995-04-15,48,1,0.367879441171442
1995,4,2,1995,5,26,14.95,-24.35,1995-05-26,1995-04-02,54,0,0
1995,3,16,1995,3,16,-8.119,114.056,1995-03-16,1995-03-16,0,0,0
1995,3,3,1995,5,26,-7.942,112.95,1995-05-26,1995-03-03,84,0,0
1995,3,2,1995,3,3,-15.389,167.835,1995-03-03,1995-03-02,1,7,0.00638317375888161
1995,2,11,1995,2,11,36.227,137.587,1995-02-11,1995-02-11,0,0,0
1995,1,30,1995,1,30,53.891,-166.923,1995-01-30,1995-01-30,0,1,0.367879441171442
1995,1,25,1995,4,8,-0.37,-91.55,1995-04-08,1995-01-25,73,0,0
1995,1,12,1995,4,19,13.434,-88.269,1995-04-19,1995-01-12,97,2,0.270670566473225
1995,1,11,1995,11,9,-39.28,175.57,1995-11-09,1995-01-11,302,1,0.367879441171442
1995,1,9,1995,1,29,-14.215,-169.058,1995-01-29,1995-01-09,20,0,0
1994,12,21,1995,10,5,19.023,-98.622,1995-10-05,1994-12-21,288,0,0
1994,12,20,1995,6,5,12.278,93.858,1995-06-05,1994-12-20,167,0,0
1994,12,8,1994,12,8,9.979,-83.852,1994-12-08,1994-12-08,0,2,0.270670566473225
1994,11,27,1995,1,28,12.769,124.056,1995-01-28,1994-11-27,62,1,0.367879441171442
1994,11,13,1995,7,20,-23.37,-67.73,1995-07-20,1994-11-13,249,0,0
1994,10,20,1994,10,20,52.825,-169.944,1994-10-20,1994-10-20,0,1,0.367879441171442
1994,10,16,1994,10,16,-4.016,103.121,1994-10-16,1994-10-16,0,2,0.270670566473225
1994,9,26,1994,12,30,-39.42,-71.93,1994-12-30,1994-09-26,95,0,0
1994,9,19,1995,4,16,-4.271,152.203,1995-04-16,1994-09-19,209,1,0.367879441171442
1994,9,18,2006,7,16,-2.764,35.914,2006-07-16,1994-09-18,4319,0,0
1994,9,8,1995,1,14,56.056,160.642,1995-01-14,1994-09-08,128,1,0.367879441171442
1994,8,22,1994,8,22,24.751,141.289,1994-08-22,1994-08-22,0,0,0
1994,8,7,1994,8,14,-8.242,115.375,1994-08-14,1994-08-07,7,0,0
1994,7,31,1994,8,12,12.606,-86.84,1994-08-12,1994-07-31,12,6,0.0148725130599982
1994,7,28,1994,7,28,24.285,141.481,1994-07-28,1994-07-28,0,0,0
1994,7,27,1994,7,27,31.44,140.051,1994-07-27,1994-07-27,0,1,0.367879441171442
1994,7,21,1994,7,21,19.514,-103.62,1994-07-21,1994-07-21,0,0,0
1994,7,20,1994,7,26,-23.37,-67.73,1994-07-26,1994-07-20,6,0,0
1994,7,14,1994,7,14,-8.119,114.056,1994-07-14,1994-07-14,0,0,0
1994,7,7,1994,10,5,55.972,160.595,1994-10-05,1994-07-07,90,1,0.367879441171442
1994,7,4,1994,8,25,-1.408,29.2,1994-08-25,1994-07-04,52,0,0
1994,6,23,1996,3,16,-1.52,29.25,1996-03-16,1994-06-23,632,0,0
1994,6,17,2001,7,17,37.748,14.999,2001-07-17,1994-06-17,2587,0,0
1994,6,3,1994,11,21,-8.42,116.47,1994-11-21,1994-06-03,171,0,0
1994,5,25,1994,5,25,52.825,-169.944,1994-05-25,1994-05-25,0,2,0.270670566473225
1994,5,17,1994,8,30,-38.692,-71.729,1994-08-30,1994-05-17,105,0,0
1994,5,2,1995,11,16,32.884,131.104,1995-11-16,1994-05-02,563,0,0
1994,4,23,1994,4,23,4.892,-75.324,1994-04-23,1994-04-23,0,1,0.367879441171442
1994,4,19,1994,6,16,-5.05,151.33,1994-06-16,1994-04-19,58,9,0.00111068823678012
1994,3,19,1995,6,16,-6.102,105.423,1995-06-16,1994-03-19,454,2,0.270670566473225
1994,3,16,1994,10,16,10.2,-84.233,1994-10-16,1994-03-16,214,3,0.149361205103592
1994,2,12,1994,4,1,-39.28,175.57,1994-04-01,1994-02-12,48,1,0.367879441171442
1994,2,3,1994,2,3,-8.058,114.242,1994-02-03,1994-02-03,0,0,0
1994,1,17,1994,1,17,31.44,140.051,1994-01-17,1994-01-17,0,1,0.367879441171442
1994,1,16,1994,10,15,0.8,127.33,1994-10-15,1994-01-16,272,4,0.0732625555549367
1994,1,15,1994,1,15,-34.814,-70.352,1994-01-15,1994-01-15,0,0,0
1994,1,5,1994,11,26,51.923,-177.168,1994-11-26,1994-01-05,325,9,0.00111068823678012
1993,12,17,1994,2,27,-23.37,-67.73,1994-02-27,1993-12-17,72,0,0
1993,11,14,1993,11,14,-27.109,-68.541,1993-11-14,1993-11-14,0,0,0
1993,11,3,1993,11,25,-5.358,147.12,1993-11-25,1993-11-03,22,4,0.0732625555549367
1993,10,27,1993,11,16,24.751,141.289,1993-11-16,1993-10-27,20,0,0
1993,10,21,1994,2,4,55.972,160.595,1994-02-04,1993-10-21,106,0,0
1993,9,15,1993,9,19,-8.53,123.57,1993-09-19,1993-09-15,4,1,0.367879441171442
1993,9,8,1993,9,10,31.44,140.051,1993-09-10,1993-09-08,2,1,0.367879441171442
1993,9,4,1993,10,29,54.756,-163.97,1993-10-29,1993-09-04,55,0,0
1993,8,25,1993,9,3,10.412,123.132,1993-09-03,1993-08-25,9,0,0
1993,8,16,1994,1,19,53.891,-166.923,1994-01-19,1993-08-16,156,1,0.367879441171442
1993,8,3,1993,10,13,37.748,14.999,1993-10-13,1993-08-03,71,1,0.367879441171442
1993,7,30,1994,9,28,56.17,-159.38,1994-09-28,1993-07-30,425,0,0
1993,7,3,1993,8,1,-8.058,114.242,1993-08-01,1993-07-03,29,0,0
1993,6,26,1993,7,4,46.52,-129.58,1993-07-04,1993-06-26,8,0,0
1993,6,16,1993,7,16,-8.342,123.258,1993-07-16,1993-06-16,30,0,0
1993,6,16,1994,11,16,11.985,-86.165,1994-11-16,1993-06-16,518,4,0.0732625555549367
1993,5,28,1993,8,31,52.315,-172.51,1993-08-31,1993-05-28,95,1,0.367879441171442
1993,5,6,1993,5,21,0.8,127.33,1993-05-21,1993-05-06,15,4,0.0732625555549367
1993,5,6,1993,5,6,-1.467,-78.442,1993-05-06,1993-05-06,0,1,0.367879441171442
1993,3,9,1993,3,12,-0.171,-78.598,1993-03-12,1993-03-09,3,0,0
1993,2,16,1993,7,16,15.13,120.35,1993-07-16,1993-02-16,150,4,0.0732625555549367
1993,2,3,1993,2,3,37.748,14.999,1993-02-03,1993-02-03,0,1,0.367879441171442
1993,2,2,1993,4,4,13.257,123.685,1993-04-04,1993-02-02,61,0,0
1993,1,30,1993,8,16,-23.37,-67.73,1993-08-16,1993-01-30,198,0,0
1993,1,29,1994,2,24,18.78,-110.95,1994-02-24,1993-01-29,391,0,0
1993,1,23,1993,1,23,-7.2,109.879,1993-01-23,1993-01-23,0,0,0
1993,1,15,1993,11,16,18.13,145.8,1993-11-16,1993-01-15,305,1,0.367879441171442
1993,1,14,1993,6,7,1.22,-77.37,1993-06-07,1993-01-14,144,0,0
1993,1,12,1993,1,31,-5.05,151.33,1993-01-31,1993-01-12,19,18,2.74139635404827e-07
1992,12,27,1992,12,30,52.315,-172.51,1992-12-30,1992-12-27,3,0,0
1992,11,10,1993,9,9,24.285,141.481,1993-09-09,1992-11-10,303,0,0
1992,11,7,1993,10,16,-6.102,105.423,1993-10-16,1992-11-07,343,4,0.0732625555549367
1992,10,16,1993,9,16,10.2,-84.233,1993-09-16,1992-10-16,335,9,0.00111068823678012
1992,9,12,1993,9,12,56.056,160.642,1993-09-12,1992-09-12,365,0,0
1992,9,11,1992,12,16,-39.42,-71.93,1992-12-16,1992-09-11,96,0,0
1992,8,27,1992,9,23,-21.244,55.708,1992-09-23,1992-08-27,27,0,0
1992,8,23,1992,9,2,-38.692,-71.729,1992-09-02,1992-08-23,10,0,0
1992,8,5,1992,10,7,31.44,140.051,1992-10-07,1992-08-05,63,1,0.367879441171442
1992,7,22,1993,7,2,-37.856,-71.183,1993-07-02,1992-07-22,345,0,0
1992,7,9,1992,10,30,15.13,120.35,1992-10-30,1992-07-09,113,4,0.0732625555549367
1992,7,6,1992,7,24,53.93,-168.03,1992-07-24,1992-07-06,18,1,0.367879441171442
1992,6,27,1992,9,17,61.299,-152.251,1992-09-17,1992-06-27,82,0,0
1992,6,10,1992,6,10,10.412,123.132,1992-06-10,1992-06-10,0,0,0
1992,4,23,1993,6,10,32.884,131.104,1993-06-10,1992-04-23,413,0,0
1992,4,13,1992,4,13,18.13,145.8,1992-04-13,1992-04-13,0,2,0.270670566473225
1992,4,9,1992,4,14,12.506,-86.702,1992-04-14,1992-04-09,5,4,0.0732625555549367
1992,3,12,1992,6,12,55.972,160.595,1992-06-12,1992-03-12,92,1,0.367879441171442
1992,3,8,1992,5,21,54.134,-165.986,1992-05-21,1992-03-08,74,2,0.270670566473225
1992,2,16,1992,3,16,10.2,-84.233,1992-03-16,1992-02-16,29,8,0.00268370102322009
1992,2,12,1992,3,4,23.5,141.935,1992-03-04,1992-02-12,21,0,0
1992,2,8,1992,3,6,-39.28,175.57,1992-03-06,1992-02-08,27,0,0
1992,1,25,1992,5,25,56.056,160.642,1992-05-25,1992-01-25,121,1,0.367879441171442
1992,1,20,2002,10,19,-7.54,110.446,2002-10-19,1992-01-20,3925,0,0
1992,1,17,1992,1,18,-53.106,73.513,1992-01-18,1992-01-17,1,0,0
1992,1,8,1992,1,8,10.412,123.132,1992-01-08,1992-01-08,0,0,0
1991,12,14,1993,3,30,37.748,14.999,1993-03-30,1991-12-14,472,1,0.367879441171442
1991,12,1,1992,4,19,31.934,130.862,1992-04-19,1991-12-01,140,0,0
1991,12,1,1992,2,4,9.83,-104.3,1992-02-04,1991-12-01,65,0,0
1991,11,29,1992,1,14,54.516,-164.65,1992-01-14,1991-11-29,46,1,0.367879441171442
1991,11,5,1991,11,5,31.44,140.051,1991-11-05,1991-11-05,0,0,0
1991,11,3,1991,11,15,-8.342,123.258,1991-11-15,1991-11-03,12,0,0
1991,10,21,1992,5,23,-23.37,-67.73,1992-05-23,1991-10-21,215,1,0.367879441171442
1991,9,25,1991,11,16,0.33,-90.47,1991-11-16,1991-09-25,52,0,0
1991,9,20,1993,2,8,-1.408,29.2,1993-02-08,1991-09-20,507,0,0
1991,9,15,1991,10,29,54.134,-165.986,1991-10-29,1991-09-15,44,1,0.367879441171442
1991,9,10,1991,11,12,-8.119,114.056,1991-11-12,1991-09-10,63,0,0
1991,8,30,1991,9,17,-39.42,-71.93,1991-09-17,1991-08-30,18,0,0
1991,8,8,1991,10,27,-45.9,-72.97,1991-10-27,1991-08-08,80,0,0
1991,7,19,1991,7,20,-21.244,55.708,1991-07-20,1991-07-19,1,0,0
1991,7,19,1991,10,18,24.285,141.481,1991-10-18,1991-07-19,91,0,0
1991,7,11,1991,7,11,-11.75,43.38,1991-07-11,1991-07-11,0,0,0
1991,7,5,1991,7,14,-39.28,175.57,1991-07-14,1991-07-05,9,0,0
1991,7,2,1993,12,31,2.781,125.407,1993-12-31,1991-07-02,913,1,0.367879441171442
1991,6,15,1991,6,15,0.8,127.33,1991-06-15,1991-06-15,0,6,0.0148725130599982
1991,5,22,1996,9,29,1.112,124.737,1996-09-29,1991-05-22,1957,3,0.149361205103592
1991,5,17,1992,1,16,1.358,124.792,1992-01-16,1991-05-17,244,2,0.270670566473225
1991,5,13,1991,5,16,35.893,137.48,1991-05-16,1991-05-13,3,0,0
1991,5,11,1992,12,31,-8.542,122.775,1992-12-31,1991-05-11,600,0,0
1991,5,8,1991,6,30,-8.342,123.258,1991-06-30,1991-05-08,53,0,0
1991,5,7,1992,9,16,10.83,-85.324,1992-09-16,1991-05-07,498,3,0.149361205103592
1991,5,4,1991,9,16,-8.991,157.979,1991-09-16,1991-05-04,135,0,0
1991,4,19,1991,4,24,-0.37,-91.55,1991-04-24,1991-04-19,5,0,0
1991,4,8,1991,6,24,56.056,160.642,1991-06-24,1991-04-08,77,1,0.367879441171442
1991,4,2,1991,9,2,15.13,120.35,1991-09-02,1991-04-02,153,2,0.270670566473225
1991,4,1,1991,10,31,12.278,93.858,1991-10-31,1991-04-01,213,0,0
1991,3,11,1991,3,19,-53.998,-139.845,1991-03-19,1991-03-11,8,0,0
1991,3,6,1991,9,16,10.2,-84.233,1991-09-16,1991-03-06,194,7,0.00638317375888161
1991,3,1,1991,10,16,19.514,-103.62,1991-10-16,1991-03-01,229,1,0.367879441171442
1991,2,14,1991,2,14,10.412,123.132,1991-02-14,1991-02-14,0,0,0
1991,2,9,1991,3,2,-35.223,-70.568,1991-03-02,1991-02-09,21,0,0
1991,1,17,1991,3,11,63.983,-19.666,1991-03-11,1991-01-17,53,0,0
1991,1,16,1991,1,16,50.686,156.014,1991-01-16,1991-01-16,0,1,0.367879441171442
1991,1,13,1991,1,30,53.256,158.836,1991-01-30,1991-01-13,17,4,0.0732625555549367
1990,11,24,1990,11,24,-23.37,-67.73,1990-11-24,1990-11-24,0,3,0.149361205103592
1990,11,17,1995,2,16,32.761,130.299,1995-02-16,1990-11-17,1552,0,0
1990,11,5,1991,2,14,46.2,-122.18,1991-02-14,1990-11-05,101,0,0
1990,10,29,1990,11,19,-56.153,-143.373,1990-11-19,1990-10-29,21,0,0
