EQ_place,EQ_lat,EQ_long,EQ_Depth,EQ_mag,EQ_date,EQ_time,EQ_diff_with_erup_day,Vol_name,Vol_lat,Vol_long,Vol_strt_date,Vol_end_date,distances,Num_of_days_Vol_erupted,Number_of_days_between_EQ_and_Vol
"68 km WSW of Tomohon, Indonesia",1.1847,124.2015,241,5.6,24-10-2019,13:38:16,150,Soputan,1.112,124.737,23-03-2020,02-04-2020,60.14656309,10,150
"59 km SSE of Koshima, Japan",29.7216,130.7116,29,5.7,15-05-2019,05:24:31,240,Kuchinoerabujima,30.443,130.217,11-01-2020,17-04-2020,93.37443631,97,240
"69 km NNE of Whakatane, New Zealand",-37.3696,177.2566,120.5,5.8,23-11-2019,16:34:43,15,Whakaari/White Island,-37.52,177.18,09-12-2019,09-12-2019,18.05940836,0,15
"246 km WSW of Adak, Alaska",51.0865,-179.9464,35,5.7,26-01-2020,22:33:39,51,Semisopochnoi,51.93,179.58,07-12-2019,15-03-2020,99.46581986,99,-51
"111 km SW of Nikolski, Alaska",52.3233,-170.1665,35,5.8,26-10-2019,00:41:25,11,Cleveland,52.825,-169.944,07-11-2019,07-12-2019,57.84189456,30,11
"16 km SSE of Nishinoomote, Japan",30.5872,131.0441,35,6.3,08-01-2019,12:39:30,297,Kikai,30.793,130.305,02-11-2019,16-04-2020,74.36906616,166,297
"71 km SSW of Ust’-Kamchatsk Staryy, Russia",55.6414,161.9943,49,6.1,14-11-2018,21:21:50,343,Klyuchevskoy,56.056,160.642,24-10-2019,17-04-2020,96.2879074,176,343
"136 km W of Neiafu, Tonga",-18.5747,-175.272,10,6.6,04-11-2019,22:43:32,23,Lateiki,-19.18,-174.87,13-10-2019,22-10-2019,79.58163759,9,-23
"246 km WSW of Adak, Alaska",51.0865,-179.9464,35,5.7,26-01-2020,22:33:39,195,Semisopochnoi,51.93,179.58,16-07-2019,24-08-2019,99.46581986,39,-195
"108 km E of Kimbe, Papua New Guinea",-5.7003,151.1053,41,6.2,30-03-2019,11:20:42,87,Ulawun,-5.05,151.33,26-06-2019,05-10-2019,76.55484057,101,87
"95 km SE of Adak, Alaska",51.3808,-175.5115,20,6.3,24-11-2019,00:54:01,177,Great Sitkin,52.076,-176.13,01-06-2019,07-06-2019,88.36073153,6,-177
"71 km SSW of Ust’-Kamchatsk Staryy, Russia",55.6414,161.9943,49,6.1,14-11-2018,21:21:50,145,Klyuchevskoy,56.056,160.642,09-04-2019,02-07-2019,96.2879074,84,145
"8 km SE of Alausí, Ecuador",-2.2532,-78.7903,110.5,6.2,07-09-2018,02:12:06,199,Sangay,-2.005,-78.341,26-03-2019,17-04-2020,57.10969658,388,199
"41 km WSW of Jiquilillo, Nicaragua",12.6436,-87.8168,71.96,5.9,16-05-2019,16:22:17,74,San Cristobal,12.702,-87.004,04-03-2019,04-03-2019,88.51528898,0,-74
"23 km ESE of Lata, Solomon Islands",-10.8381,165.9765,35.84,5.7,26-01-2019,02:07:21,50,Tinakula,-10.386,165.804,08-12-2018,11-04-2020,53.75029482,490,-50
"34 km W of Nagata, Japan",30.42,130.0667,123,5.5,20-11-2018,19:09:48,31,Kuchinoerabujima,30.443,130.217,21-10-2018,03-02-2019,14.65177405,105,-31
"88 km NW of Ternate, Indonesia",1.4083,126.8759,34,6,15-04-2018,19:30:43,171,Gamalama,0.8,127.33,04-10-2018,06-10-2018,84.49708064,2,171
"91 km SW of Kokopo, Papua New Guinea",-4.9624,151.7231,121,6.2,10-10-2018,22:00:34,20,Ulawun,-5.05,151.33,21-09-2018,12-10-2018,44.67014381,21,-20
"8 km SE of Alausí, Ecuador",-2.2532,-78.7903,110.5,6.2,07-09-2018,02:12:06,31,Sangay,-2.005,-78.341,08-08-2018,07-12-2018,57.10969658,121,-31
"41 km E of Pamandzi, Mayotte",-12.8495,45.6536,10,5.5,21-05-2018,00:47:14,42,Mayotte,-12.83,45.17,03-07-2018,20-08-2019,52.53286629,413,42
"35 km NNE of Puerto Villamil, Ecuador",-0.6503,-90.8795,10,5.5,26-06-2018,09:15:36,1,"Negra, Sierra",-0.83,-91.17,26-06-2018,23-08-2018,38.02309276,58,-1
"42 km SW of Jiquilillo, Nicaragua",12.4928,-87.7466,47.28,5.6,24-04-2018,02:29:52,57,Telica,12.606,-86.84,21-06-2018,15-08-2018,99.31375546,55,57
"35 km NNE of Puerto Villamil, Ecuador",-0.6503,-90.8795,10,5.5,26-06-2018,09:15:36,11,Fernandina,-0.37,-91.55,16-06-2018,21-06-2018,80.89655662,5,-11
"150 km E of Kimbe, Papua New Guinea",-5.5321,151.4999,35,6.9,29-03-2018,21:25:36,70,Ulawun,-5.05,151.33,08-06-2018,08-06-2018,56.87552144,0,70
"158 km NE of Petropavlovsk-Kamchatsky, Russia",53.8592,160.6039,47.29,5.5,22-12-2017,14:44:18,126,Karymsky,54.049,159.443,28-04-2018,30-09-2018,78.92330975,155,126
"42 km SW of Jiquilillo, Nicaragua",12.4928,-87.7466,47.28,5.6,24-04-2018,02:29:52,3,San Cristobal,12.702,-87.004,22-04-2018,22-04-2018,83.96967587,0,-3
"8 km SE of Alausí, Ecuador",-2.2532,-78.7903,110.5,6.2,07-09-2018,02:12:06,195,Sangay,-2.005,-78.341,25-02-2018,25-02-2018,57.10969658,0,-195
"24 km SW of Puerto El Triunfo, El Salvador",13.1086,-88.6821,50,5.9,02-04-2018,23:23:17,79,San Miguel,13.434,-88.269,14-01-2018,30-05-2018,57.57952509,136,-79
"6 km ENE of Ubud, Indonesia",-8.4915,115.3233,111.71,5.6,21-03-2017,23:10:25,244,Agung,-8.343,115.508,21-11-2017,13-06-2019,26.20985312,569,244
"62 km ESE of Lakatoro, Vanuatu",-16.2437,167.9781,181.33,5.5,05-09-2017,02:50:01,0,Ambae,-15.389,167.835,06-09-2017,30-10-2018,96.37131298,419,0
"35 km NNE of Puerto Villamil, Ecuador",-0.6503,-90.8795,10,5.5,26-06-2018,09:15:36,296,Fernandina,-0.37,-91.55,04-09-2017,07-09-2017,80.89655662,3,-296
"42 km SW of Jiquilillo, Nicaragua",12.4928,-87.7466,47.28,5.6,24-04-2018,02:29:52,250,San Cristobal,12.702,-87.004,18-08-2017,11-11-2017,83.96967587,85,-250
"32 km ESE of Bima, Indonesia",-8.6014,118.9841,110.17,5.5,30-10-2017,22:37:18,108,Sangeang Api,-8.2,119.07,15-07-2017,30-03-2020,45.67400137,989,-108
"142 km SSW of Kokopo, Papua New Guinea",-5.4347,151.5815,31,5.8,07-08-2017,06:26:43,58,Ulawun,-5.05,151.33,11-06-2017,03-11-2017,51.10013925,145,-58
"127 km ESE of Mil’kovo, Russia",54.4632,160.5536,87.86,5.6,25-11-2016,07:26:23,190,Karymsky,54.049,159.443,04-06-2017,27-01-2018,85.68312961,237,190
"60 km ENE of Los Ángeles, Chile",-37.3446,-71.6896,81.14,5.9,29-05-2017,14:57:53,5,Copahue,-37.856,-71.183,04-06-2017,07-12-2018,72.36848606,551,5
"Bonin Islands, Japan region",27.1773,140.025,481,5.8,23-11-2016,09:59:57,145,Nishinoshima,27.247,140.874,18-04-2017,17-08-2017,84.40700024,121,145
"18 km W of Parrita, Costa Rica",9.5147,-84.4865,19.36,6.5,13-11-2017,02:28:23,216,Poas,10.2,-84.233,12-04-2017,06-11-2017,81.19565585,208,-216
"67 km SE of Saint David’s, Grenada",11.6719,-61.1784,47.22,5.5,05-11-2017,15:00:24,222,Kick 'em Jenny,12.3,-61.64,29-03-2017,29-03-2017,86.11211386,0,-222
"20 km NNE of Nagarote, Nicaragua",12.4417,-86.5146,7.56,5.5,28-09-2016,16:48:55,142,San Cristobal,12.702,-87.004,18-02-2017,19-04-2017,60.55621051,60,142
"32 km WNW of Haveluloto, Tonga",-20.9981,-175.4788,10,6,15-02-2016,15:02:32,342,Unnamed,-20.852,-175.55,23-01-2017,31-01-2017,17.86947311,8,342
"80 km S of Mil’kovo, Russia",53.9776,158.5463,177,7.2,30-01-2016,03:25:12,294,Zhupanovsky,53.589,159.15,20-11-2016,20-11-2016,58.71870219,0,294
"80 km W of Sungai Penuh, Indonesia",-2.0967,100.6654,50,6.6,01-06-2016,22:56:00,166,Kerinci,-1.697,101.264,15-11-2016,21-11-2016,80.09497342,6,166
"11 km SW of Tapay, Peru",-15.6542,-72.0092,20,5.5,15-08-2016,02:59:00,82,Sabancaya,-15.787,-71.857,06-11-2016,17-04-2020,22.01202943,1258,82
"33 km SW of Rabaul, Papua New Guinea",-4.4354,151.9782,162,5.7,21-12-2015,15:44:04,294,Ulawun,-5.05,151.33,11-10-2016,18-11-2016,99.25679102,38,294
"8 km NNE of Aso, Japan",33.0143,131.0991,10.46,5.5,18-04-2016,11:42:00,171,Asosan,32.884,131.104,07-10-2016,12-11-2016,14.51215009,36,171
"127 km ESE of Mil’kovo, Russia",54.4632,160.5536,87.86,5.6,25-11-2016,07:26:23,52,Karymsky,54.049,159.443,05-10-2016,08-10-2016,85.68312961,3,-52
Molucca Sea,0.4854,126.5894,46.14,5.8,20-08-2015,11:00:09,348,Gamalama,0.8,127.33,03-08-2016,04-08-2016,89.56835194,1,348
"45 km S of El Rosario, El Salvador",13.0906,-88.9476,52,5.6,27-11-2015,11:46:27,203,San Miguel,13.434,-88.269,18-06-2016,18-06-2016,82.87019045,0,203
South Sandwich Islands region,-59.3074,-27.027,10,5.5,24-04-2016,08:37:59,1,Bristol Island,-59.017,-26.533,24-04-2016,19-07-2016,42.89131929,86,-1
Nicaragua,12.8318,-86.9633,10,6.1,10-06-2016,03:25:22,50,San Cristobal,12.702,-87.004,22-04-2016,22-04-2016,15.10980562,0,-50
"104 km SSW of Nikolski, Alaska",52.0985,-169.5349,20,6,10-09-2015,10:26:44,218,Cleveland,52.825,-169.944,16-04-2016,16-01-2019,85.50090782,1005,218
"76 km WNW of Kandrian, Papua New Guinea",-6.0033,148.8871,42,6.8,17-10-2016,06:14:58,199,Langila,-5.525,148.42,02-04-2016,30-10-2018,74.23860048,941,-199
"80 km W of Sungai Penuh, Indonesia",-2.0967,100.6654,50,6.6,01-06-2016,22:56:00,63,Kerinci,-1.697,101.264,31-03-2016,09-06-2016,80.09497342,70,-63
South Sandwich Islands region,-56.2536,-27.6408,29.71,5.5,28-03-2016,19:07:08,1,Zavodovski,-56.3,-27.57,30-03-2016,16-05-2016,6.769457419,47,1
"45 km S of El Rosario, El Salvador",13.0906,-88.9476,52,5.6,27-11-2015,11:46:27,45,San Miguel,13.434,-88.269,12-01-2016,18-01-2016,82.87019045,6,45
Nicaragua,12.8318,-86.9633,10,6.1,10-06-2016,03:25:22,193,Momotombo,12.423,-86.539,01-12-2015,07-04-2016,64.77066437,128,-193
"43 km SSW of San Pedro de Atacama, Chile",-23.2468,-68.4169,111,5.8,01-11-2015,15:16:17,3,Lascar,-23.37,-67.73,30-10-2015,02-04-2017,71.55147157,520,-3
"11 km NNE of La Paz Centro, Nicaragua",12.44,-86.6423,10,5.7,15-09-2016,05:57:24,349,Masaya,11.985,-86.165,03-10-2015,17-04-2020,72.54107722,1658,-349
Nicaragua,12.8318,-86.9633,10,6.1,10-06-2016,03:25:22,262,Telica,12.606,-86.84,23-09-2015,11-05-2016,28.4794256,231,-262
"45 km S of El Rosario, El Salvador",13.0906,-88.9476,52,5.6,27-11-2015,11:46:27,107,San Miguel,13.434,-88.269,13-08-2015,13-08-2015,82.87019045,0,-107
Molucca Sea,0.4854,126.5894,46.14,5.8,20-08-2015,11:00:09,36,Gamalama,0.8,127.33,16-07-2015,08-09-2015,89.56835194,54,-36
"49 km NW of Maubara, Timor Leste",-8.2825,124.9069,10.27,5.7,03-11-2015,21:25:02,120,Sirung,-8.508,124.13,07-07-2015,08-07-2015,89.16384772,1,-120
"6 km SSE of Hakuba, Japan",36.6408,137.8875,9,6.2,22-11-2014,13:08:18,205,Asamayama,36.406,138.523,16-06-2015,16-06-2015,62.57107619,0,205
"4 km WNW of Masagua, Guatemala",14.2197,-90.8905,84,5.7,07-12-2015,22:53:35,184,Pacaya,14.382,-90.601,07-06-2015,17-04-2020,36.07811854,1776,-184
"16 km SW of Valle San Francisco, Nicaragua",12.4029,-86.3783,13,6.1,10-04-2014,23:27:45,328,San Cristobal,12.702,-87.004,05-03-2015,12-06-2015,75.70282925,99,328
"45 km S of El Rosario, El Salvador",13.0906,-88.9476,52,5.6,27-11-2015,11:46:27,306,San Miguel,13.434,-88.269,26-01-2015,11-04-2015,82.87019045,75,-306
"75 km NE of Kolonga, Tonga",-20.7139,-174.5001,44,5.8,06-07-2015,12:24:08,200,Hunga Tonga-Hunga Ha'apai,-20.536,-175.382,19-12-2014,23-01-2015,93.99024535,35,-200
Molucca Sea,0.4854,126.5894,46.14,5.8,20-08-2015,11:00:09,246,Gamalama,0.8,127.33,18-12-2014,25-12-2014,89.56835194,7,-246
"293 km SSW of Severo-Kuril’sk, Russia",48.3334,154.2439,34,5.9,16-11-2015,16:49:13,349,Sinarka,48.873,154.182,03-12-2014,03-12-2014,60.24056876,0,-349
"81 km NNE of Port-Vila, Vanuatu",-17.0309,168.52,219.96,6.8,23-01-2015,03:47:27,54,Lopevi,-16.507,168.346,01-12-2014,15-12-2014,61.19806559,14,-54
"293 km SSW of Severo-Kuril’sk, Russia",48.3334,154.2439,34,5.9,16-11-2015,16:49:13,361,Chirinkotan,48.98,153.48,21-11-2014,10-08-2015,91.30277345,262,-361
South Sandwich Islands region,-57.4999,-25.8754,32,5.8,26-08-2015,13:51:35,288,Saunders,-57.8,-26.483,12-11-2014,28-01-2020,49.25317205,1903,-288
"6 km SSE of Hakuba, Japan",36.6408,137.8875,9,6.2,22-11-2014,13:08:18,57,Ontakesan,35.893,137.48,27-09-2014,14-10-2014,90.92486603,17,-57
"12 km SSW of Usuki, Japan",33.0229,131.7493,53,5.5,12-07-2015,17:52:06,317,Asosan,32.884,131.104,30-08-2014,01-05-2016,62.22869009,610,-317
"115 km SSE of Akureyri, Iceland",64.681,-17.495,0,5.5,01-09-2014,11:41:09,4,Bardarbunga,64.633,-17.516,29-08-2014,27-02-2015,5.436219557,182,-4
"16 km SW of Valle San Francisco, Nicaragua",12.4029,-86.3783,13,6.1,10-04-2014,23:27:45,100,San Cristobal,12.702,-87.004,20-07-2014,01-10-2014,75.70282925,73,100
"87 km W of Rabaul, Papua New Guinea",-4.1785,151.3765,10,5.6,15-07-2014,16:39:01,9,Rabaul,-4.271,152.203,07-07-2014,18-09-2014,92.33151603,73,-9
"166 km ENE of Angoram, Papua New Guinea",-3.4459,145.4342,30.29,5.6,13-08-2014,05:54:37,46,Manam,-4.08,145.037,29-06-2014,09-04-2020,83.24208461,2111,-46
"70 km SW of Kencong, Indonesia",-8.803,113.002,60,5.7,08-07-2013,02:13:40,266,Semeru,-8.108,112.922,01-04-2014,17-04-2020,77.86689312,2208,266
"39 km S of Kroya, Indonesia",-7.9855,109.2653,66,6.1,25-01-2014,05:14:18,41,Slamet,-7.242,109.208,08-03-2014,17-09-2014,83.00716476,193,41
"33 km SW of Jiquilillo, Nicaragua",12.5559,-87.6879,60,6.2,02-03-2014,09:37:54,27,San Cristobal,12.702,-87.004,04-02-2014,11-04-2014,76.0488983,66,-27
"40 km S of El Rosario, El Salvador",13.1334,-89.0898,67.59,5.6,13-12-2013,04:45:11,15,San Miguel,13.434,-88.269,29-12-2013,28-07-2014,95.01375616,211,15
"10 km NE of Padalarang, Indonesia",-6.762,107.529,142.1,5.7,01-11-2012,14:12:01,337,Tangkuban Parahu,-6.77,107.6,05-10-2013,05-10-2013,7.899001836,0,337
"44 km W of Masachapa, Nicaragua",11.763,-86.926,30,6.5,15-06-2013,17:34:27,101,Telica,12.606,-86.84,25-09-2013,25-09-2013,94.30774059,0,101
"146 km ENE of Maumere, Indonesia",-8.185,123.465,10,5.5,29-10-2012,06:28:33,294,Iliwerung,-8.53,123.57,20-08-2013,20-08-2013,40.10856035,0,294
"66 km WSW of Rabaul, Papua New Guinea",-4.4412,151.6112,203,5.8,30-08-2013,02:11:02,54,Ulawun,-5.05,151.33,08-07-2013,21-12-2013,74.6063945,166,-54
"33 km SW of Jiquilillo, Nicaragua",12.5559,-87.6879,60,6.2,02-03-2014,09:37:54,269,San Cristobal,12.702,-87.004,07-06-2013,07-06-2013,76.0488983,0,-269
"70 km SW of Kencong, Indonesia",-8.803,113.002,60,5.7,08-07-2013,02:13:40,35,Semeru,-8.108,112.922,04-06-2013,29-11-2013,77.86689312,178,-35
"44 km W of Masachapa, Nicaragua",11.763,-86.926,30,6.5,15-06-2013,17:34:27,36,Masaya,11.985,-86.165,11-05-2013,26-05-2013,86.50645359,15,-36
"3 km NW of Fraijanes, Guatemala",14.487,-90.463,189,6.2,25-03-2013,23:02:12,21,Pacaya,14.382,-90.601,05-03-2013,10-04-2014,18.91961625,401,-21
"10 km NE of Padalarang, Indonesia",-6.762,107.529,142.1,5.7,01-11-2012,14:12:01,111,Tangkuban Parahu,-6.77,107.6,21-02-2013,06-03-2013,7.899001836,13,111
"21 km W of Kuril’sk, Russia",45.239,147.609,110.4,5.5,12-03-2012,12:32:46,340,Etorofu-Yakeyama [Grozny Group],45.012,147.871,16-02-2013,04-04-2013,32.58837616,47,340
"45 km NW of Ternate, Indonesia",1.114,127.13,120,5.7,27-06-2013,08:38:08,156,Gamkonora,1.38,127.53,23-01-2013,27-05-2013,53.46580635,124,-156
"88 km ESE of Kokopo, Papua New Guinea",-4.632,153.016,52,6.1,15-12-2012,19:30:02,34,Rabaul,-4.271,152.203,19-01-2013,11-03-2014,98.77407746,416,34
"85 km WNW of Kandrian, Papua New Guinea",-5.8583,148.8538,88.74,5.8,03-11-2013,02:42:54,338,Langila,-5.525,148.42,01-12-2012,05-12-2012,60.70943817,4,-338
"65 km SSE of Klyuchi, Russia",55.777,161.234,85.9,5.5,16-07-2012,03:08:31,133,Tolbachik,55.832,160.326,27-11-2012,05-09-2013,57.13631563,282,133
"27 km SE of Tokoroa, New Zealand",-38.428,176.067,163,6.3,07-12-2012,18:19:06,17,Tongariro,-39.157,175.632,21-11-2012,21-11-2012,89.49904043,0,-17
"252 km ENE of Kuril’sk, Russia",46.221,150.788,110,7.2,19-04-2013,03:05:52,160,Chirpoi,46.532,150.871,11-11-2012,18-10-2016,35.20231816,1437,-160
"137 km ESE of Kimbe, Papua New Guinea",-5.86,151.341,35,5.6,14-11-2012,23:41:56,9,Ulawun,-5.05,151.33,06-11-2012,11-12-2012,90.17702649,35,-9
"Pagan region, Northern Mariana Islands",18.728,145.288,602.2,6.8,14-05-2013,00:32:25,197,Pagan,18.13,145.8,30-10-2012,11-12-2012,85.76275773,42,-197
Costa Rica,10.086,-85.298,17,6.5,24-10-2012,00:45:32,8,Rincon de la Vieja,10.83,-85.324,17-10-2012,17-10-2012,82.87059228,0,-8
"83 km NW of Ternate, Indonesia",1.293,126.828,61.4,5.5,14-06-2012,20:17:24,92,Gamalama,0.8,127.33,15-09-2012,17-09-2012,78.31762369,2,92
"65 km SSE of Klyuchi, Russia",55.777,161.234,85.9,5.5,16-07-2012,03:08:31,46,Klyuchevskoy,56.056,160.642,01-09-2012,28-01-2013,48.25432974,149,46
"21 km W of Kuril’sk, Russia",45.239,147.609,110.4,5.5,12-03-2012,12:32:46,156,Etorofu-Yakeyama [Grozny Group],45.012,147.871,16-08-2012,25-08-2012,32.58837616,9,156
"8 km NE of Taupo, New Zealand",-38.639,176.167,110.5,5.6,16-10-2012,23:42:55,72,Tongariro,-39.157,175.632,06-08-2012,07-08-2012,73.9822922,1,-72
south of the Fiji Islands,-26.051,-177.362,89.5,5.7,11-07-2012,11:12:40,22,Monowai,-25.887,-177.188,03-08-2012,04-08-2012,25.22971081,1,22
"Kermadec Islands, New Zealand",-30.744,-178.148,50,5.5,18-02-2013,16:32:47,217,Havre Seamount,-31.08,-179.033,17-07-2012,19-07-2012,92.42965638,2,-217
"2 km NNE of Yacuanquer, Colombia",1.135,-77.393,145,6.9,09-02-2013,14:16:07,273,Galeras,1.22,-77.37,13-05-2012,30-01-2014,9.802296853,627,-273
"146 km ENE of Maumere, Indonesia",-8.185,123.465,10,5.5,29-10-2012,06:28:33,175,Sirung,-8.508,124.13,08-05-2012,12-05-2012,81.59304555,4,-175
"110 km S of Kokopo, Papua New Guinea",-5.328,152.11,35,5.6,28-04-2012,19:21:03,8,Ulawun,-5.05,151.33,07-05-2012,31-05-2012,91.84405905,24,8
"47 km W of Kimbe, Papua New Guinea",-5.504,149.711,136.6,5.7,16-05-2012,00:59:32,14,Witori,-5.576,150.516,03-05-2012,11-07-2012,89.55299553,69,-14
"7 km NNE of Belén, Nicaragua",11.56,-85.861,177,6,07-11-2011,22:35:25,174,Masaya,11.985,-86.165,30-04-2012,08-06-2012,57.75685595,39,174
"11 km ENE of Hojancha, Costa Rica",10.085,-85.315,35,7.6,05-09-2012,14:42:07,200,Rincon de la Vieja,10.83,-85.324,19-02-2012,14-04-2012,82.93887257,55,-200
"67 km SSE of Adak, Alaska",51.364,-176.097,20.8,5.5,11-04-2012,09:00:09,54,Kanaga,51.923,-177.168,18-02-2012,18-02-2012,96.67261103,0,-54
"7 km ESE of Atenas, Costa Rica",9.954,-84.313,72.8,5.9,13-05-2011,22:47:54,243,Turrialba,10.025,-83.767,12-01-2012,18-01-2012,60.37851297,6,243
"146 km ENE of Maumere, Indonesia",-8.185,123.465,10,5.5,29-10-2012,06:28:33,302,Lewotolo,-8.272,123.505,02-01-2012,14-01-2012,10.64031837,12,-302
"83 km NW of Ternate, Indonesia",1.293,126.828,61.4,5.5,14-06-2012,20:17:24,193,Gamalama,0.8,127.33,05-12-2011,23-12-2011,78.31762369,18,-193
"41 km SSW of Ust’-Kamchatsk Staryy, Russia",55.918,162.117,33,6.1,20-02-2011,21:43:24,254,Klyuchevskoy,56.056,160.642,02-11-2011,02-11-2011,93.12220843,0,254
"67 km WNW of Sola, Vanuatu",-13.598,166.996,158.6,5.9,25-08-2011,10:39:58,22,Gaua,-14.27,167.5,17-09-2011,10-10-2011,92.52699967,23,22
"2 km S of Fortuna, Costa Rica",10.648,-85.2,10,5.5,12-07-2011,20:11:01,40,Rincon de la Vieja,10.83,-85.324,22-08-2011,27-09-2011,24.38026911,36,40
"49 km SSW of Jiquilillo, Nicaragua",12.326,-87.62,36,5.7,03-07-2011,06:34:36,48,San Cristobal,12.702,-87.004,21-08-2011,23-10-2011,78.95174343,63,48
"63 km SW of Labuan, Indonesia",-6.81,105.457,62.7,5.8,14-04-2012,19:26:43,259,Krakatau,-6.102,105.423,31-07-2011,09-09-2012,78.90387778,406,-259
"91 km SSW of Nikolski, Alaska",52.215,-169.506,18,5.5,30-11-2010,08:42:22,230,Cleveland,52.825,-169.944,19-07-2011,18-08-2015,74.10288325,1491,230
"57 km S of Edd, Eritrea",13.414,41.735,10,5.6,12-06-2011,20:32:40,0,Nabro,13.37,41.7,13-06-2011,03-06-2012,6.193292503,356,0
"33 km E of Port-Olry, Vanuatu",-15.094,167.384,134.1,5.8,04-11-2011,15:43:43,154,Ambae,-15.389,167.835,04-06-2011,10-07-2011,58.52148835,36,-154
"Pagan region, Northern Mariana Islands",18.863,146.279,99.4,5.5,26-06-2011,09:19:48,65,Pagan,18.13,145.8,23-04-2011,01-09-2011,95.99548485,131,-65
"41 km SSW of Ust’-Kamchatsk Staryy, Russia",55.918,162.117,33,6.1,20-02-2011,21:43:24,37,Klyuchevskoy,56.056,160.642,30-03-2011,03-07-2011,93.12220843,95,37
"49 km SSW of Jiquilillo, Nicaragua",12.326,-87.62,36,5.7,03-07-2011,06:34:36,119,Telica,12.606,-86.84,07-03-2011,14-06-2011,90.33008897,99,-119
"90 km S of Tomohon, Indonesia",0.511,124.657,123,5.8,16-05-2010,00:33:06,281,Lokon-Empung,1.358,124.792,22-02-2011,22-02-2011,95.47739887,0,281
"3 km SSW of Río Segundo, Costa Rica",10.211,-84.293,91,5.8,09-10-2010,01:54:04,96,Turrialba,10.025,-83.767,14-01-2011,14-01-2011,61.24928403,0,96
"298 km SSW of Severo-Kuril’sk, Russia",48.273,154.276,43.3,5.5,29-06-2010,11:48:19,82,Sarychev Peak,48.092,153.2,20-09-2010,20-09-2010,82.3660404,0,82
"Fox Islands, Aleutian Islands, Alaska",52.667,-169.408,10,5.6,28-07-2010,11:31:46,45,Cleveland,52.825,-169.944,12-09-2010,26-09-2010,40.17418024,14,45
"12 km ENE of Parapat, Indonesia",2.689,99.041,160.1,5.6,01-12-2010,00:50:21,97,Sinabung,3.17,98.392,27-08-2010,18-09-2010,89.84933597,22,-97
"52 km SSE of Angoram, Papua New Guinea",-4.466,144.31,139.7,5.7,09-11-2009,16:02:41,273,Manam,-4.08,145.037,10-08-2010,15-12-2013,91.43043104,1223,273
"153 km NE of Laikit, Laikit II (Dimembe), Indonesia",2.408,126.012,106.9,5.7,09-09-2009,08:06:33,330,Karangetang,2.781,125.407,06-08-2010,16-12-2010,79.06056239,132,330
"12 km SSW of Quepos, Costa Rica",9.331,-84.206,18,6,01-06-2010,03:26:15,52,Turrialba,10.025,-83.767,24-07-2010,15-08-2010,91.04464107,22,52
"51 km WSW of Rabaul, Papua New Guinea",-4.405,151.746,199.6,5.6,06-01-2010,17:27:55,197,Rabaul,-4.271,152.203,23-07-2010,25-07-2010,52.87499861,2,197
"298 km SSW of Severo-Kuril’sk, Russia",48.273,154.276,43.3,5.5,29-06-2010,11:48:19,0,Ekarma,48.958,153.93,30-06-2010,10-08-2010,80.39283319,41,0
"Volcano Islands, Japan region",24.383,141.588,113,5.6,07-11-2010,19:26:49,142,Ioto,24.751,141.289,19-06-2010,19-06-2010,50.93657368,0,-142
"55 km SW of Jiquilillo, Nicaragua",12.388,-87.815,41,5.7,23-02-2011,03:01:36,260,San Cristobal,12.702,-87.004,09-06-2010,13-01-2011,94.80371721,218,-260
"59 km WSW of Nikolski, Alaska",52.815,-169.719,10,6,18-07-2010,19:48:04,50,Cleveland,52.825,-169.944,30-05-2010,02-06-2010,15.17723293,3,-50
"113 km E of Kimbe, Papua New Guinea",-5.514,151.161,40,6.1,24-06-2010,05:32:27,30,Ulawun,-5.05,151.33,26-05-2010,27-05-2011,54.94435037,366,-30
"41 km SSW of Ust’-Kamchatsk Staryy, Russia",55.918,162.117,33,6.1,20-02-2011,21:43:24,276,Bezymianny,55.972,160.595,21-05-2010,17-04-2020,95.06617558,3619,-276
"10 km N of Miyazaki, Japan",32.007,131.417,26,5.8,05-04-2009,09:36:26,358,Kirishimayama,31.934,130.862,30-03-2010,10-07-2010,53.03741086,102,358
"11 km SE of Madang, Papua New Guinea",-5.297,145.859,34,5.8,03-01-2010,04:11:39,52,Karkar,-4.649,145.964,25-02-2010,26-02-2010,73.06884802,1,52
"Volcano Islands, Japan region",24.383,141.588,113,5.6,07-11-2010,19:26:49,278,Fukutoku-Oka-no-Ba,24.285,141.481,03-02-2010,08-04-2010,15.38831481,64,-278
"12 km SSW of Quepos, Costa Rica",9.331,-84.206,18,6,01-06-2010,03:26:15,148,Turrialba,10.025,-83.767,05-01-2010,07-03-2010,91.04464107,61,-148
near the coast of Nicaragua,11.176,-86.126,24.9,5.7,25-02-2010,03:15:03,77,Concepcion,11.538,-85.622,11-12-2009,12-03-2011,68.18796027,456,-77
"12 km SSW of Quepos, Costa Rica",9.331,-84.206,18,6,01-06-2010,03:26:15,198,Poas,10.2,-84.233,16-11-2009,13-10-2014,96.78197529,1792,-198
"10 km N of Miyazaki, Japan",32.007,131.417,26,5.8,05-04-2009,09:36:26,223,Kirishimayama,31.934,130.862,15-11-2009,15-11-2009,53.03741086,0,223
"59 km WSW of Nikolski, Alaska",52.815,-169.719,10,6,18-07-2010,19:48:04,290,Cleveland,52.825,-169.944,02-10-2009,12-12-2009,15.17723293,71,-290
"96 km WSW of Sola, Vanuatu",-14.117,166.691,35,5.8,10-10-2009,14:25:15,14,Gaua,-14.27,167.5,27-09-2009,19-06-2010,88.95398316,265,-14
"48 km N of Finschhafen, Papua New Guinea",-6.116,147.824,46.8,5.6,08-02-2009,15:34:37,219,Langila,-5.525,148.42,16-09-2009,16-02-2010,93.19247013,153,219
"297 km SSW of Severo-Kuril’sk, Russia",48.317,154.192,36,6,10-09-2009,02:46:50,92,Sarychev Peak,48.092,153.2,11-06-2009,16-07-2009,77.74255272,35,-92
south of the Fiji Islands,-25.387,-177.636,171.1,6,01-09-2008,04:00:39,244,Monowai,-25.887,-177.188,04-05-2009,16-12-2009,71.55081187,226,244
"29 km NNW of Bima, Indonesia",-8.207,118.631,18,6.6,08-11-2009,19:41:43,192,Sangeang Api,-8.2,119.07,01-05-2009,03-06-2009,48.37547656,33,-192
"49 km SSE of Sungai Penuh, Indonesia",-2.482,101.524,9,6.6,01-10-2009,01:52:27,184,Kerinci,-1.697,101.264,01-04-2009,19-06-2009,92.0480988,79,-184
"69 km WSW of Labuan, Indonesia",-6.534,105.223,38,6.1,16-10-2009,09:52:50,206,Krakatau,-6.102,105.423,25-03-2009,16-09-2009,52.93699986,175,-206
"105 km NNW of Nuku‘alofa, Tonga",-20.256,-175.574,170.1,5.5,23-11-2008,07:53:45,113,Hunga Tonga-Hunga Ha'apai,-20.536,-175.382,17-03-2009,22-03-2009,37.05225723,5,113
"80 km WNW of Severo-Kuril’sk, Russia",50.833,155.009,152,6.2,21-04-2009,05:26:11,70,Ebeko,50.686,156.014,11-02-2009,13-07-2009,72.63685619,152,-70
"Kermadec Islands, New Zealand",-30.199,-177.951,33,6.4,18-01-2009,14:11:48,1,Curtis Island,-30.543,-178.556,18-01-2009,19-01-2009,69.58957742,1,-1
"10 km NNE of Sabanilla, Costa Rica",10.165,-84.197,14,6.1,08-01-2009,19:21:35,3,Poas,10.2,-84.233,12-01-2009,21-03-2009,5.544220889,68,3
"95 km SSW of Nikolski, Alaska",52.171,-169.481,16.5,5.6,11-03-2008,14:37:10,296,Cleveland,52.825,-169.944,02-01-2009,21-01-2009,79.27642439,19,296
"95 km SSW of Pagar Alam, Indonesia",-4.811,102.895,40,5.7,26-07-2009,23:10:23,207,Dempo,-4.016,103.121,01-01-2009,01-01-2009,91.98504746,0,-207
"153 km NE of Laikit, Laikit II (Dimembe), Indonesia",2.408,126.012,106.9,5.7,09-09-2009,08:06:33,285,Karangetang,2.781,125.407,29-11-2008,24-03-2010,79.06056239,480,-285
"92 km NNW of Hihifo, Tonga",-15.218,-174.211,140,5.5,08-11-2008,09:15:51,7,Tafu-Maka,-15.37,-174.23,16-11-2008,16-11-2008,17.04311327,0,7
"92 km NNW of Hihifo, Tonga",-15.218,-174.211,140,5.5,08-11-2008,09:15:51,7,West Mata,-15.1,-173.75,16-11-2008,16-05-2009,51.24474449,181,7
"26 km ESE of Lata, Solomon Islands",-10.796,166.028,35,5.7,21-04-2009,21:09:59,215,Tinakula,-10.386,165.804,19-09-2008,29-11-2008,51.80612936,71,-215
"10 km N of Miyazaki, Japan",32.007,131.417,26,5.8,05-04-2009,09:36:26,227,Kirishimayama,31.934,130.862,22-08-2008,22-08-2008,53.03741086,0,-227
"19 km E of Barcelona, Philippines",12.897,124.319,10,6,15-08-2008,10:25:16,6,Mayon,13.257,123.685,10-08-2008,10-08-2008,79.57410577,0,-6
"76 km ENE of Adak, Alaska",52.19,-175.651,12,5.8,07-08-2008,18:30:03,1,Kasatochi,52.177,-175.508,07-08-2008,09-08-2008,9.866996878,2,-1
"44 km S of Masachapa, Nicaragua",11.383,-86.496,76.2,5.5,06-07-2009,14:37:22,342,Concepcion,11.538,-85.622,30-07-2008,30-07-2008,96.90188401,0,-342
"93 km S of Severo-Kuril’sk, Russia",49.852,156.38,76.9,5.8,04-08-2008,04:42:14,7,Chikurachki,50.324,155.461,29-07-2008,08-08-2008,84.07712727,10,-7
"60 km N of Kandrian, Papua New Guinea",-5.664,149.543,89,6.1,12-05-2009,01:26:26,304,Krummel-Garbuna-Welcker,-5.416,150.027,13-07-2008,04-10-2008,60.31588808,83,-304
"60 km SE of Nikolski, Alaska",52.558,-168.221,25,6.4,26-12-2007,22:04:54,198,Okmok,53.43,-168.13,12-07-2008,19-08-2008,97.26187786,38,198
"52 km S of Lakatoro, Vanuatu",-16.567,167.335,13,6.4,12-03-2008,11:23:34,71,Ambrym,-16.25,168.12,23-05-2008,17-12-2018,90.9513971,3860,71
"73 km WNW of Tobelo, Indonesia",1.885,127.363,96,6.6,11-09-2008,00:00:02,160,Ibu,1.488,127.63,05-04-2008,17-04-2020,53.25168479,4395,-160
"68 km NNE of Port-Vila, Vanuatu",-17.135,168.458,205.7,6.3,04-11-2008,18:35:45,255,Lopevi,-16.507,168.346,24-02-2008,24-02-2008,70.91998585,0,-255
south of the Fiji Islands,-26.01,-177.929,154.8,5.5,30-03-2008,17:10:07,52,Monowai,-25.887,-177.188,08-02-2008,08-02-2008,75.42506897,0,-52
"10 km NNE of Sabanilla, Costa Rica",10.165,-84.197,14,6.1,08-01-2009,19:21:35,362,Poas,10.2,-84.233,13-01-2008,13-01-2008,5.544220889,0,-362
"46 km WNW of Loncopué, Argentina",-37.94,-71.114,20.6,5.6,31-12-2006,14:55:02,365,Llaima,-38.692,-71.729,01-01-2008,12-06-2009,99.46318389,528,365
"26 km SE of Bukittinggi, Indonesia",-0.488,100.53,11,6.3,06-03-2007,05:49:25,265,Talang,-0.979,100.681,27-11-2007,16-12-2007,57.1837859,19,265
"141 km NW of Saipan, Northern Mariana Islands",16.174,144.885,10,5.5,11-04-2008,05:02:53,137,Anatahan,16.35,145.67,27-11-2007,09-08-2008,86.14699739,256,-137
"42 km S of El Rosario, Nicaragua",11.397,-86.411,35,5.5,05-12-2006,15:58:54,353,Concepcion,11.538,-85.622,24-11-2007,20-12-2007,87.49707562,26,353
"4 km W of Santa Cruz, Honduras",13.261,-87.387,226.1,5.6,09-03-2007,21:01:37,232,Telica,12.606,-86.84,28-10-2007,18-02-2008,94.0133345,113,232
"49 km SSW of Labuan, Indonesia",-6.785,105.635,30,5.5,23-12-2006,22:59:40,303,Krakatau,-6.102,105.423,23-10-2007,30-08-2008,79.56551747,312,303
"62 km SE of Kimbe, Papua New Guinea",-5.997,150.483,24,5.9,24-11-2006,12:31:09,276,Witori,-5.576,150.516,28-08-2007,28-08-2007,47.0078004,0,276
"93 km S of Severo-Kuril’sk, Russia",49.852,156.38,76.9,5.8,04-08-2008,04:42:14,352,Chikurachki,50.324,155.461,19-08-2007,01-11-2007,84.07712727,74,-352
"95 km SSW of Nikolski, Alaska",52.171,-169.481,16.5,5.6,11-03-2008,14:37:10,269,Cleveland,52.825,-169.944,17-06-2007,12-08-2008,79.27642439,422,-269
"37 km W of Longido, Tanzania",-2.734,36.362,8,5.9,17-07-2007,14:10:42,32,"Lengai, Ol Doinyo",-2.764,35.914,16-06-2007,09-10-2010,49.92556027,1211,-32
"4 km W of Santa Cruz, Honduras",13.261,-87.387,226.1,5.6,09-03-2007,21:01:37,94,Telica,12.606,-86.84,12-06-2007,12-06-2007,94.0133345,0,94
"46 km WNW of Loncopué, Argentina",-37.94,-71.114,20.6,5.6,31-12-2006,14:55:02,145,Llaima,-38.692,-71.729,26-05-2007,08-08-2007,99.46318389,74,145
"103 km NE of Finschhafen, Papua New Guinea",-5.994,148.593,47,5.9,11-11-2006,15:10:30,188,Ritter Island,-5.519,148.115,19-05-2007,21-05-2007,74.82533482,2,188
"84 km SW of Ust’-Kamchatsk Staryy, Russia",55.617,161.686,55,5.7,17-08-2006,11:11:35,265,Bezymianny,55.972,160.595,10-05-2007,24-12-2007,78.88532368,228,265
"54 km WSW of Kokopo, Papua New Guinea",-4.587,151.841,132.5,6.1,29-05-2007,01:03:27,29,Ulawun,-5.05,151.33,01-05-2007,01-05-2007,76.61224549,0,-29
"51 km NE of Norsup, Vanuatu",-15.798,167.789,150,6.8,07-08-2006,22:18:55,256,Lopevi,-16.507,168.346,21-04-2007,14-05-2007,98.8749179,23,256
"82 km SE of Gizo, Solomon Islands",-8.617,157.386,18,6.2,02-04-2007,23:20:23,1,Kavachi,-8.991,157.979,02-04-2007,06-04-2007,77.38794323,4,-1
"26 km SE of Bukittinggi, Indonesia",-0.488,100.53,11,6.3,06-03-2007,05:49:25,12,Talang,-0.979,100.681,19-03-2007,22-06-2007,57.1837859,95,12
"97 km SSE of Severo-Kuril’sk, Russia",49.823,156.415,26,6,20-08-2006,03:01:02,195,Chikurachki,50.324,155.461,04-03-2007,18-04-2007,88.06714074,45,195
"84 km SW of Ust’-Kamchatsk Staryy, Russia",55.617,161.686,55,5.7,17-08-2006,11:11:35,181,Klyuchevskoy,56.056,160.642,15-02-2007,15-07-2007,81.53028698,150,181
"42 km S of El Rosario, Nicaragua",11.397,-86.411,35,5.5,05-12-2006,15:58:54,65,Concepcion,11.538,-85.622,09-02-2007,10-07-2007,87.49707562,151,65
south of the Fiji Islands,-26.257,-178.087,10,5.6,09-07-2007,06:50:46,210,Monowai,-25.887,-177.188,12-12-2006,04-11-2007,98.87915977,327,-210
"4 km W of Santa Cruz, Honduras",13.261,-87.387,226.1,5.6,09-03-2007,21:01:37,89,Telica,12.606,-86.84,11-12-2006,17-02-2007,94.0133345,68,-89
"Pagan region, Northern Mariana Islands",18.9,145.388,207,7.2,31-10-2007,03:30:15,332,Pagan,18.13,145.8,04-12-2006,08-12-2006,96.11739621,4,-332
"68 km SSE of Atka, Alaska",51.596,-173.961,18,5.8,18-09-2006,03:45:56,67,Korovin,52.381,-174.166,25-11-2006,03-03-2007,88.50850351,98,67
"51 km NE of Norsup, Vanuatu",-15.798,167.789,150,6.8,07-08-2006,22:18:55,92,Ambrym,-16.25,168.12,08-11-2006,27-12-2007,61.5301794,414,92
"103 km NE of Finschhafen, Papua New Guinea",-5.994,148.593,47,5.9,11-11-2006,15:10:30,26,Ritter Island,-5.519,148.115,17-10-2006,17-10-2006,74.82533482,0,-26
"26 km SE of Bukittinggi, Indonesia",-0.488,100.53,11,6.3,06-03-2007,05:49:25,178,Talang,-0.979,100.681,10-09-2006,10-09-2006,57.1837859,0,-178
"42 km S of El Rosario, Nicaragua",11.397,-86.411,35,5.5,05-12-2006,15:58:54,96,Concepcion,11.538,-85.622,01-09-2006,21-09-2006,87.49707562,20,-96
"16 km SE of It?, Japan",34.858,139.207,22.6,5.6,20-04-2006,17:50:40,124,Miyakejima,34.094,139.526,23-08-2006,23-08-2006,89.94502552,0,124
"61 km E of Kokopo, Papua New Guinea",-4.245,152.815,40.6,5.6,23-08-2006,23:15:21,13,Rabaul,-4.271,152.203,11-08-2006,31-01-2010,68.00110488,1269,-13
"97 km NE of Finschhafen, Papua New Guinea",-5.993,148.52,49.7,5.7,12-07-2006,19:08:12,27,Langila,-5.525,148.42,09-08-2006,06-07-2008,53.26184001,697,27
"31 km W of Pangai, Tonga",-19.833,-174.652,35,5.9,05-05-2006,06:16:20,93,Home Reef,-18.992,-174.775,07-08-2006,16-08-2006,94.50614366,9,93
"42 km S of El Rosario, Nicaragua",11.397,-86.411,35,5.5,05-12-2006,15:58:54,124,Masaya,11.985,-86.165,04-08-2006,25-10-2006,70.73603572,82,-124
"17 km SE of Amapala, Honduras",13.164,-87.561,10,5.5,20-02-2006,06:56:09,164,Telica,12.606,-86.84,04-08-2006,06-08-2006,99.89956262,2,164
"199 km N of Laikit, Laikit II (Dimembe), Indonesia",3.269,125.277,178.4,5.5,22-12-2006,11:06:06,173,Karangetang,2.781,125.407,03-07-2006,16-10-2007,56.2132383,470,-173
"41 km SSW of San Pedro de Atacama, Chile",-23.267,-68.326,108.1,5.7,14-11-2006,22:22:12,211,Lascar,-23.37,-67.73,18-04-2006,18-07-2007,61.99659489,456,-211
"84 km SW of Ust’-Kamchatsk Staryy, Russia",55.617,161.686,55,5.7,17-08-2006,11:11:35,124,Bezymianny,55.972,160.595,16-04-2006,29-12-2006,78.88532368,257,-124
"141 km NW of Saipan, Northern Mariana Islands",16.207,144.923,10,5.5,29-05-2005,03:32:31,294,Anatahan,16.35,145.67,20-03-2006,26-06-2006,81.39375989,98,294
"Kermadec Islands, New Zealand",-29.438,-177.062,16,5.5,01-04-2006,13:43:31,16,Raoul Island,-29.27,-177.92,17-03-2006,17-03-2006,85.32364301,0,-16
"10 km E of Pundong, Indonesia",-7.961,110.446,12.5,6.3,26-05-2006,22:53:58,72,Merapi,-7.54,110.446,16-03-2006,09-08-2007,46.86550562,511,-72
"19 km WSW of La Gomera, Guatemala",13.994,-91.207,61.2,6,03-12-2006,20:52:15,270,Pacaya,14.382,-90.601,09-03-2006,26-10-2010,78.37683636,1692,-270
"96 km SSW of Kokopo, Papua New Guinea",-5.193,152.053,44.2,6.2,18-02-2006,15:59:22,10,Ulawun,-5.05,151.33,01-03-2006,18-01-2007,81.72792832,323,10
"17 km W of Tigbao, Philippines",12.582,123.177,17.8,5.8,22-02-2005,03:20:07,363,Mayon,13.257,123.685,21-02-2006,23-02-2006,93.18879746,2,363
"16 km SE of It?, Japan",34.858,139.207,22.6,5.6,20-04-2006,17:50:40,63,Miyakejima,34.094,139.526,17-02-2006,17-02-2006,89.94502552,0,-63
"20 km SE of Lata, Solomon Islands",-10.853,165.934,49.8,5.5,03-04-2006,19:12:47,52,Tinakula,-10.386,165.804,11-02-2006,09-11-2007,53.89691009,636,-52
"54 km SSW of Nikolski, Alaska",52.515,-169.256,18,6.4,10-05-2006,02:42:51,94,Cleveland,52.825,-169.944,06-02-2006,28-10-2006,57.86015591,264,-94
"84 km SW of Ust’-Kamchatsk Staryy, Russia",55.617,161.686,55,5.7,17-08-2006,11:11:35,262,Bezymianny,55.972,160.595,29-11-2005,01-12-2005,78.88532368,2,-262
"89 km SSE of Sola, Vanuatu",-14.596,167.928,10,5.6,14-12-2005,06:45:41,18,Ambae,-15.389,167.835,27-11-2005,16-02-2006,88.84097695,81,-18
"17 km SE of Amapala, Honduras",13.164,-87.561,10,5.5,20-02-2006,06:56:09,100,San Cristobal,12.702,-87.004,13-11-2005,27-05-2006,79.35371226,195,-100
"51 km NE of Norsup, Vanuatu",-15.798,167.789,150,6.8,07-08-2006,22:18:55,285,Lopevi,-16.507,168.346,27-10-2005,01-08-2006,98.8749179,278,-285
"54 km ENE of Kandrian, Papua New Guinea",-6.05,150.013,34.9,5.6,06-02-2006,03:04:03,114,Krummel-Garbuna-Welcker,-5.416,150.027,16-10-2005,17-11-2005,70.59359034,32,-114
"85 km NNW of Semera, Ethiopia",12.471,40.634,11.8,5.5,24-09-2005,19:24:02,1,Dabbahu,12.595,40.48,26-09-2005,29-09-2005,21.69308344,3,1
"Volcano Islands, Japan region",24.021,141.489,160.5,5.6,17-02-2006,02:13:29,160,Fukutoku-Oka-no-Ba,24.285,141.481,11-09-2005,16-02-2007,29.39957757,523,-160
northern East Pacific Rise,10.078,-103.548,10,5.7,24-08-2005,17:07:45,9,Northern EPR at 9.8°N,9.83,-104.3,16-08-2005,16-01-2006,86.95112173,153,-9
"5 km E of Tisma, Nicaragua",12.078,-85.971,167.9,5.6,23-07-2005,20:09:05,4,Concepcion,11.538,-85.622,28-07-2005,10-11-2005,71.13129451,105,4
"Volcano Islands, Japan region",24.021,141.489,160.5,5.6,17-02-2006,02:13:29,231,Fukutoku-Oka-no-Ba,24.285,141.481,02-07-2005,21-07-2005,29.39957757,19,-231
"21 km S of La Libertad, El Salvador",13.295,-89.347,49.7,5.7,07-10-2005,17:43:01,114,Santa Ana,13.853,-89.63,16-06-2005,01-10-2005,69.25473706,107,-114
"103 km WNW of Kandrian, Papua New Guinea",-5.91,148.662,56.9,5.6,01-07-2004,19:28:45,291,Langila,-5.525,148.42,19-04-2005,31-03-2006,50.55026951,346,291
"58 km S of Tomohon, Indonesia",0.797,124.726,90.8,6.3,30-06-2004,23:37:25,292,Soputan,1.112,124.737,19-04-2005,18-07-2005,35.08700751,90,292
"40 km SSE of Kamogawa, Japan",34.746,140.218,46.1,5.6,17-07-2004,06:10:18,268,Miyakejima,34.094,139.526,12-04-2005,18-05-2005,96.46685886,36,268
"163 km ESE of Kimbe, Papua New Guinea",-5.849,151.582,25.2,5.5,23-01-2005,01:03:55,62,Ulawun,-5.05,151.33,27-03-2005,09-08-2005,93.22508624,135,62
"14 km ESE of Nikolski, Alaska",52.906,-168.647,50.3,5.6,29-07-2005,05:00:30,139,Cleveland,52.825,-169.944,13-03-2005,27-11-2005,87.62526304,259,-139
"Izu Islands, Japan region",31.394,140.131,10,5.6,01-01-2006,07:11:57,300,Sumisujima,31.44,140.051,08-03-2005,08-03-2005,9.164118684,0,-300
"7 km S of Tola, Nicaragua",11.371,-85.936,85.3,5.6,07-03-2005,07:17:23,4,Masaya,11.985,-86.165,04-03-2005,30-03-2005,72.7665062,26,-4
south of the Fiji Islands,-25.528,-176.299,16,6.2,16-01-2005,08:25:04,44,Monowai,-25.887,-177.188,02-03-2005,27-06-2006,97.71335716,482,44
"116 km NNE of Atka, Alaska",53.216,-173.795,252.7,5.8,28-12-2004,21:07:36,56,Korovin,52.381,-174.166,23-02-2005,05-05-2005,96.24702329,71,56
"105 km WNW of Naisano Dua, Indonesia",-9.362,122.839,65.8,6.7,23-04-2004,01:50:30,288,Egon,-8.676,122.455,06-02-2005,27-02-2005,87.25818655,21,288
"78 km NW of Port-Vila, Vanuatu",-17.224,167.803,25,5.9,11-10-2004,18:14:19,110,Lopevi,-16.507,168.346,30-01-2005,31-03-2005,98.57370641,60,110
"51 km ENE of Kokopo, Papua New Guinea",-4.238,152.717,10,6.1,14-01-2005,08:33:14,10,Rabaul,-4.271,152.203,25-01-2005,17-02-2006,57.1786723,388,10
"24 km ENE of Atlasovo, Russia",55.682,160.003,188.6,6.9,10-06-2004,15:19:57,223,Klyuchevskoy,56.056,160.642,20-01-2005,07-04-2005,57.67366834,77,223
"1 km WNW of Villa El Carmen, Nicaragua",11.989,-86.52,87.3,5.6,01-10-2004,08:01:01,62,San Cristobal,12.702,-87.004,03-12-2004,07-12-2004,95.23595981,4,62
"40 km SSE of Kamogawa, Japan",34.746,140.218,46.1,5.6,17-07-2004,06:10:18,135,Miyakejima,34.094,139.526,30-11-2004,09-12-2004,96.46685886,9,135
"103 km WNW of Kandrian, Papua New Guinea",-5.91,148.662,56.9,5.6,01-07-2004,19:28:45,145,Langila,-5.525,148.42,24-11-2004,25-12-2004,50.55026951,31,145
"1 km WNW of Villa El Carmen, Nicaragua",11.989,-86.52,87.3,5.6,01-10-2004,08:01:01,34,Telica,12.606,-86.84,05-11-2004,29-01-2005,76.99919028,85,34
"140 km ENE of Angoram, Papua New Guinea",-3.489,145.196,14,5.5,12-12-2004,16:03:37,50,Manam,-4.08,145.037,24-10-2004,12-12-2009,68.11912764,1875,-50
"58 km S of Tomohon, Indonesia",0.797,124.726,90.8,6.3,30-06-2004,23:37:25,109,Soputan,1.112,124.737,18-10-2004,27-12-2004,35.08700751,70,109
"24 km NE of Amlapura, Indonesia",-8.31,115.788,44.5,5.8,01-01-2004,20:59:31,273,Rinjani,-8.42,116.47,01-10-2004,05-10-2004,76.10377404,4,273
"78 km NW of Port-Vila, Vanuatu",-17.224,167.803,25,5.9,11-10-2004,18:14:19,26,Lopevi,-16.507,168.346,16-09-2004,16-09-2004,98.57370641,0,-26
"24 km ENE of Atlasovo, Russia",55.682,160.003,188.6,6.9,10-06-2004,15:19:57,96,Klyuchevskoy,56.056,160.642,15-09-2004,15-09-2004,57.67366834,0,96
"5 km S of Leni, Italy",38.507,14.814,228.9,5.5,05-05-2004,13:39:43,124,Etna,37.748,14.999,07-09-2004,08-03-2005,86.0304912,182,124
"15 km NW of T?kamachi, Japan",37.225,138.64,10,5.7,23-10-2004,10:36:45,53,Asamayama,36.406,138.523,01-09-2004,09-12-2004,91.76494673,99,-53
"4 km SSW of Santa María de Jesús, Guatemala",14.461,-90.726,124.6,5.7,03-05-2004,05:12:40,76,Pacaya,14.382,-90.601,19-07-2004,11-09-2005,16.09204628,419,76
"1 km WNW of Villa El Carmen, Nicaragua",11.989,-86.52,87.3,5.6,01-10-2004,08:01:01,90,Masaya,11.985,-86.165,04-07-2004,04-07-2004,38.65927196,0,-90
"105 km WNW of Naisano Dua, Indonesia",-9.362,122.839,65.8,6.7,23-04-2004,01:50:30,70,Egon,-8.676,122.455,03-07-2004,16-09-2004,87.25818655,75,70
"69 km SSE of Padang, Indonesia",-1.549,100.54,65.6,5.5,09-04-2004,01:55:50,73,Kerinci,-1.697,101.264,22-06-2004,24-10-2004,82.2303158,124,73
"15 km NW of Manamrag, Philippines",13.817,123.995,44.2,5.5,19-08-2004,06:35:03,78,Mayon,13.257,123.685,03-06-2004,12-09-2004,70.79375185,101,-78
"74 km WSW of Tobelo, Indonesia",1.562,127.358,133.9,5.8,09-11-2003,19:23:28,188,Ibu,1.488,127.63,16-05-2004,22-02-2005,31.36911153,282,188
"34 km S of Negara, Indonesia",-8.669,114.65,95.5,5.5,16-04-2004,18:32:24,2,Raung,-8.119,114.056,15-04-2004,08-10-2004,89.597612,176,-2
"149 km SSW of Kokopo, Papua New Guinea",-5.612,151.801,47.9,5.5,28-01-2004,10:10:26,74,Ulawun,-5.05,151.33,12-04-2004,14-04-2004,81.48162555,2,74
"89 km N of Saipan, Northern Mariana Islands",16.011,145.867,142.7,6.6,05-02-2005,03:34:25,300,Anatahan,16.35,145.67,12-04-2004,03-09-2005,43.21665814,509,-300
"45 km SW of Corinto, Nicaragua",12.155,-87.426,62,5.6,28-04-2004,04:08:59,29,Telica,12.606,-86.84,31-03-2004,31-03-2004,81.11895641,0,-29
"36 km NE of Kandrian, Papua New Guinea",-5.937,149.745,56.6,5.5,05-12-2003,20:03:22,80,Witori,-5.576,150.516,24-02-2004,24-02-2004,94.37763744,0,80
"52 km SSW of False Pass, Alaska",54.463,-163.852,72.7,5.6,04-06-2004,01:48:03,109,Shishaldin,54.756,-163.97,17-02-2004,16-07-2004,33.4920332,150,-109
"35 km NNW of Port-Vila, Vanuatu",-17.431,168.21,10,5.8,07-07-2004,21:29:23,143,Epi,-16.68,168.37,16-02-2004,24-02-2004,85.31739314,8,-143
"5 km S of Leni, Italy",38.507,14.814,228.9,5.5,05-05-2004,13:39:43,84,Etna,37.748,14.999,12-02-2004,14-02-2004,86.0304912,2,-84
"105 km WNW of Naisano Dua, Indonesia",-9.362,122.839,65.8,6.7,23-04-2004,01:50:30,86,Egon,-8.676,122.455,29-01-2004,05-02-2004,87.25818655,7,-86
"56 km NNW of Finschhafen, Papua New Guinea",-6.058,147.727,53.5,6.3,22-10-2003,11:45:30,89,Langila,-5.525,148.42,20-01-2004,27-01-2004,97.01059255,7,89
"24 km ENE of Atlasovo, Russia",55.682,160.003,188.6,6.9,10-06-2004,15:19:57,149,Bezymianny,55.972,160.595,14-01-2004,16-02-2005,49.11559579,399,-149
"83 km SE of San Pedro de Atacama, Chile",-23.367,-67.547,160.3,5.6,25-11-2003,04:43:36,13,Lascar,-23.37,-67.73,09-12-2003,09-12-2003,18.70343353,0,13
"161 km ENE of Angoram, Papua New Guinea",-3.471,145.395,33,5.9,24-10-2003,01:26:57,1,Manam,-4.08,145.037,26-10-2003,28-03-2004,78.5956663,154,1
"15 km NW of Manamrag, Philippines",13.817,123.995,44.2,5.5,19-08-2004,06:35:03,317,Mayon,13.257,123.685,08-10-2003,11-10-2003,70.79375185,3,-317
"33 km SW of Masachapa, Nicaragua",11.61,-86.767,28,6.2,02-03-2004,03:47:22,163,Masaya,11.985,-86.165,22-09-2003,12-12-2003,77.75477609,81,-163
"58 km S of Tomohon, Indonesia",0.797,124.726,90.8,6.3,30-06-2004,23:37:25,293,Lokon-Empung,1.358,124.792,12-09-2003,12-09-2003,62.8807755,0,-293
"66 km SSE of Tobelo, Indonesia",1.142,128.152,10,6,11-08-2003,00:19:09,12,Gamalama,0.8,127.33,31-07-2003,02-10-2003,99.09635482,63,-12
"25 km ESE of Atlasovo, Russia",55.492,159.999,174.8,6.9,16-06-2003,22:08:02,39,Bezymianny,55.972,160.595,26-07-2003,01-08-2003,65.19680308,6,39
"45 km SW of Corinto, Nicaragua",12.155,-87.426,62,5.6,28-04-2004,04:08:59,317,San Cristobal,12.702,-87.004,17-06-2003,13-06-2004,76.23902986,362,-317
"51 km E of Lakatoro, Vanuatu",-16.18,167.889,177.5,5.9,05-04-2003,22:03:32,63,Lopevi,-16.507,168.346,08-06-2003,16-06-2003,60.8949059,8,63
"105 km WNW of Naisano Dua, Indonesia",-9.362,122.839,65.8,6.7,23-04-2004,01:50:30,330,Lewotobi,-8.542,122.775,30-05-2003,01-09-2003,91.55287073,94,-330
"69 km WNW of Madang, Papua New Guinea",-4.929,145.23,53.3,5.6,09-07-2003,07:22:39,54,Manam,-4.08,145.037,17-05-2003,23-05-2003,96.90676914,6,-54
Kuril Islands,50.007,156.164,67.2,5.5,24-12-2002,14:43:07,113,Chikurachki,50.324,155.461,17-04-2003,03-07-2003,61.30408779,77,113
"129 km SSW of Kokopo, Papua New Guinea",-5.448,151.878,10,5.7,03-07-2003,13:06:14,81,Ulawun,-5.05,151.33,14-04-2003,10-10-2003,75.18751124,179,-81
"25 km ESE of Atlasovo, Russia",55.492,159.999,174.8,6.9,16-06-2003,22:08:02,174,Bezymianny,55.972,160.595,25-12-2002,28-12-2002,65.19680308,3,-174
"56 km ESE of Tondano, Indonesia",1.096,125.379,54.4,5.5,13-04-2002,15:36:02,253,Lokon-Empung,1.358,124.792,23-12-2002,01-04-2003,71.54426673,99,253
"25 km ESE of Atlasovo, Russia",55.492,159.999,174.8,6.9,16-06-2003,22:08:02,205,Klyuchevskoy,56.056,160.642,24-11-2002,08-04-2004,74.58287647,501,-205
"96 km S of Banjar, Indonesia",-8.06,107.315,79.1,6,14-05-2003,07:40:36,185,Papandayan,-7.32,107.73,11-11-2002,19-12-2002,94.24354702,38,-185
"34 km WSW of Kokopo, Papua New Guinea",-4.454,151.982,155.4,5.7,23-02-2002,19:37:13,224,Rabaul,-4.271,152.203,06-10-2002,17-02-2004,31.88625486,499,224
"125 km E of Kimbe, Papua New Guinea",-5.685,151.258,40.2,6.3,28-02-2002,01:50:48,174,Ulawun,-5.05,151.33,22-08-2002,03-11-2002,71.13686377,73,174
"125 km E of Kimbe, Papua New Guinea",-5.685,151.258,40.2,6.3,28-02-2002,01:50:48,155,Witori,-5.576,150.516,03-08-2002,26-03-2003,83.09125531,235,155
"95 km NNW of Finschhafen, Papua New Guinea",-5.824,147.387,112.7,5.5,08-12-2001,19:26:20,236,Ritter Island,-5.519,148.115,02-08-2002,02-08-2002,87.49964445,0,236
"42 km SW of Gambiran Satu, Indonesia",-8.61,113.832,90.5,5.6,07-08-2001,03:22:35,355,Ijen,-8.058,114.242,29-07-2002,15-08-2002,76.25759598,17,355
"28 km SSW of Sake, Democratic Republic of the Congo",-1.822,28.979,10,5.5,24-10-2002,07:12:18,92,Nyamuragira,-1.408,29.2,25-07-2002,16-09-2002,52.23695931,53,-92
"42 km SW of Gambiran Satu, Indonesia",-8.61,113.832,90.5,5.6,07-08-2001,03:22:35,312,Raung,-8.119,114.056,16-06-2002,25-08-2002,59.96751908,70,312
"40 km SSW of La Gomera, Guatemala",13.743,-91.187,33,6,09-11-2002,00:14:18,164,Pacaya,14.382,-90.601,30-05-2002,17-06-2002,95.20510998,18,-164
"33 km SW of Jiquilillo, Nicaragua",12.538,-87.672,59.1,5.6,06-01-2002,18:49:22,142,San Cristobal,12.702,-87.004,29-05-2002,16-12-2002,74.82614643,201,142
"28 km SSW of Sake, Democratic Republic of the Congo",-1.822,28.979,10,5.5,24-10-2002,07:12:18,161,Nyiragongo,-1.52,29.25,17-05-2002,16-04-2020,45.16093048,6544,-161
"30 km NW of Port-Vila, Vanuatu",-17.527,168.13,10,5.6,06-01-2002,16:38:47,68,Epi,-16.68,168.37,16-03-2002,16-03-2002,97.68408723,0,68
"56 km ESE of Tondano, Indonesia",1.096,125.379,54.4,5.5,13-04-2002,15:36:02,64,Lokon-Empung,1.358,124.792,09-02-2002,16-05-2002,71.54426673,96,-64
"111 km S of Severo-Kuril’sk, Russia",49.677,156.02,55,5.5,15-03-2002,01:20:05,50,Chikurachki,50.324,155.461,25-01-2002,22-04-2002,82.38455495,87,-50
"28 km SSW of Sake, Democratic Republic of the Congo",-1.822,28.979,10,5.5,24-10-2002,07:12:18,281,Nyiragongo,-1.52,29.25,17-01-2002,03-02-2002,45.16093048,17,-281
"39 km SW of Puerto El Triunfo, El Salvador",12.99,-88.761,62,5.5,18-09-2001,14:51:03,119,San Miguel,13.434,-88.269,16-01-2002,16-01-2002,72.70397069,0,119
"114 km ENE of Angoram, Papua New Guinea",-3.569,144.968,33,5.6,20-03-2002,14:29:57,67,Manam,-4.08,145.037,13-01-2002,21-05-2002,57.39821065,128,-67
"2 km WNW of San Carlos Sija, Guatemala",14.995,-91.571,161.1,5.6,11-09-2001,09:13:26,114,Fuego,14.473,-90.88,04-01-2002,17-04-2020,94.39703785,6678,114
"141 km ENE of Petropavlovsk-Kamchatsky, Russia",53.508,160.632,62.6,5.8,26-04-2002,07:15:11,163,Karymsky,54.049,159.443,15-11-2001,01-04-2016,98.70958456,5251,-163
"278 km SSE of Shimoda, Japan",32.214,139.538,33,5.6,05-07-2001,03:47:31,117,Sumisujima,31.44,140.051,31-10-2001,28-02-2002,98.88341303,120,117
"13 km NW of Puerto San José, Guatemala",14.017,-90.907,64.4,5.9,23-01-2001,05:23:32,280,Pacaya,14.382,-90.601,31-10-2001,31-10-2001,52.35880129,0,280
"99 km NW of Neiafu, Tonga",-17.948,-174.573,130.8,6.2,08-05-2002,05:26:00,224,Unnamed,-18.325,-174.365,27-09-2001,28-09-2001,47.38611743,1,-224
"138 km SSW of Kokopo, Papua New Guinea",-5.42,151.632,33,5.5,29-09-2001,05:32:14,33,Ulawun,-5.05,151.33,28-08-2001,28-08-2001,53.07785364,0,-33
"69 km W of Labuan, Indonesia",-6.314,105.205,10,6.1,15-01-2002,07:12:58,179,Krakatau,-6.102,105.423,21-07-2001,17-09-2001,33.74875863,58,-179
"114 km ENE of Angoram, Papua New Guinea",-3.569,144.968,33,5.6,20-03-2002,14:29:57,280,Manam,-4.08,145.037,14-06-2001,25-06-2001,57.39821065,11,-280
"71 km N of Port-Vila, Vanuatu",-17.093,168.386,17.2,5.6,14-04-2001,08:51:13,54,Lopevi,-16.507,168.346,08-06-2001,19-06-2001,65.37234805,11,54
"Halmahera, Indonesia",1.123,127.442,142,5.9,26-09-2000,16:49:33,243,Ibu,1.488,127.63,28-05-2001,03-10-2001,45.70211276,128,243
"38 km ENE of San Pedro de Atacama, Chile",-22.739,-67.877,146.6,6,19-06-2001,09:32:24,34,Lascar,-23.37,-67.73,17-05-2001,05-07-2001,71.8382418,49,-34
"23 km SSE of Jiquilillo, Nicaragua",12.54,-87.399,95.5,5.7,18-03-2001,15:43:21,53,San Cristobal,12.702,-87.004,11-05-2001,09-12-2001,46.54430331,212,53
"38 km SW of Masachapa, Nicaragua",11.498,-86.713,29.7,5.6,12-08-2001,15:53:51,112,Masaya,11.985,-86.165,23-04-2001,25-04-2001,80.66133137,2,-112
"59 km SSW of Nikolski, Alaska",52.46,-169.245,33,5.6,12-09-2001,14:50:38,223,Cleveland,52.825,-169.944,02-02-2001,15-04-2001,62.29096192,72,-223
"23 km SSE of Jiquilillo, Nicaragua",12.54,-87.399,95.5,5.7,18-03-2001,15:43:21,61,Telica,12.606,-86.84,17-01-2001,19-12-2001,61.17809877,336,-61
"110 km E of Kimbe, Papua New Guinea",-5.706,151.122,33,6.4,21-12-2000,01:01:27,25,Ulawun,-5.05,151.33,16-01-2001,03-05-2001,76.57773386,107,25
"73 km NNE of Ruteng, Indonesia",-7.973,120.646,46.3,5.6,23-01-2000,08:03:01,353,Inielika,-8.73,120.98,11-01-2001,16-03-2001,91.9481397,64,353
"64 km SSE of Shimoda, Japan",34.127,139.18,10,5.7,18-08-2000,01:52:20,145,Miyakejima,34.094,139.526,11-01-2001,24-11-2002,32.10093588,682,145
"61 km SSW of Reuleuet, Indonesia",4.738,96.007,33,5.5,10-03-2000,21:32:12,289,Peuet Sague,4.903,96.289,25-12-2000,26-12-2000,36.27501727,1,289
"128 km N of Naze, Japan",29.52,129.396,33,5.7,02-10-2000,07:44:10,77,Suwanosejima,29.638,129.714,19-12-2000,05-07-2004,33.47139221,1294,77
"285 km S of Shimoda, Japan",32.156,139.545,33,5.9,04-07-2001,17:47:45,248,Sumisujima,31.44,140.051,30-10-2000,30-10-2000,92.97662143,0,-248
"33 km S of Kushima, Japan",31.183,131.206,10,6,25-06-2000,06:34:42,112,Kikai,30.793,130.305,16-10-2000,16-12-2001,96.32200238,426,112
"151 km SSW of Kokopo, Papua New Guinea",-5.538,151.592,33,6,07-11-2000,01:01:49,41,Ulawun,-5.05,151.33,28-09-2000,01-11-2000,61.59934263,34,-41
"42 km SW of Gambiran Satu, Indonesia",-8.61,113.832,90.5,5.6,07-08-2001,03:22:35,341,Ijen,-8.058,114.242,01-09-2000,10-09-2000,76.25759598,9,-341
"31 km SSE of Bengkulu, Indonesia",-4.07,102.37,69.1,5.7,22-07-2000,20:56:12,30,Kaba,-3.522,102.615,22-08-2000,27-08-2000,66.7977656,5,30
"13 km NW of Puerto San José, Guatemala",14.017,-90.907,64.4,5.9,23-01-2001,05:23:32,161,Pacaya,14.382,-90.601,16-08-2000,05-07-2001,52.35880129,323,-161
"Volcano Islands, Japan region",23.556,141.833,137.5,5.5,14-10-2000,20:02:52,81,Fukutoku-Oka-no-Ba,24.285,141.481,26-07-2000,13-06-2001,88.70510282,322,-81
"31 km NNW of San Pedro de Atacama, Chile",-22.633,-68.276,118.2,5.5,23-08-2000,16:15:31,35,Lascar,-23.37,-67.73,20-07-2000,18-01-2001,99.30298309,182,-35
"117 km SSE of Vilyuchinsk, Russia",51.923,158.932,76.3,5.5,03-06-2000,03:54:45,26,Mutnovsky,52.449,158.196,30-06-2000,30-06-2000,77.14727852,0,26
"81 km SSE of Shimoda, Japan",34.027,139.359,10,5.6,29-06-2000,06:30:22,3,Miyakejima,34.094,139.526,27-06-2000,28-09-2000,17.11204583,93,-3
"183 km ENE of Angoram, Papua New Guinea",-3.472,145.611,33,5.8,26-08-1999,08:02:17,281,Manam,-4.08,145.037,03-06-2000,04-06-2000,92.98396061,1,281
"61 km ESE of Bandar Lampung, Indonesia",-5.551,105.804,140.1,5.5,21-07-2000,02:18:07,54,Krakatau,-6.102,105.423,29-05-2000,30-10-2000,74.44809885,154,-54
South Sandwich Islands region,-57.241,-25.423,33,5.5,22-10-2000,11:37:24,163,Saunders,-57.8,-26.483,13-05-2000,16-11-2013,88.80906817,4935,-163
"117 km SSE of Vilyuchinsk, Russia",51.923,158.932,76.3,5.5,03-06-2000,03:54:45,79,Mutnovsky,52.449,158.196,17-03-2000,17-03-2000,77.14727852,0,-79
"74 km N of Opotiki, New Zealand",-37.341,177.333,155,5.7,18-08-1999,01:16:48,201,Whakaari/White Island,-37.52,177.18,07-03-2000,05-09-2000,24.08266164,182,201
"84 km E of Lata, Solomon Islands",-10.806,166.57,33,5.7,16-02-2000,22:35:21,12,Tinakula,-10.386,165.804,29-02-2000,08-05-2001,95.97476974,434,12
"80 km W of Panguna, Papua New Guinea",-6.279,154.758,54.7,5.7,21-02-2000,00:36:21,6,Bagana,-6.137,155.196,28-02-2000,17-04-2020,50.98438649,7354,6
"18 km E of Selfoss, Iceland",63.965,-20.633,10,5.7,17-06-2000,15:42:52,113,Hekla,63.983,-19.666,26-02-2000,08-03-2000,47.27480555,11,-113
"128 km N of Naze, Japan",29.52,129.396,33,5.7,02-10-2000,07:44:10,222,Suwanosejima,29.638,129.714,24-02-2000,24-02-2000,33.47139221,0,-222
"20 km SE of Koseda, Japan",30.239,130.768,42.9,5.5,23-01-2000,07:40:04,8,Kikai,30.793,130.305,16-01-2000,16-03-2000,75.99212271,60,-8
"New Britain region, Papua New Guinea",-5.786,150.974,33,6.3,15-12-1999,04:41:12,57,Ulawun,-5.05,151.33,20-10-1999,20-10-1999,90.93516943,0,-57
"141 km ESE of Kuril’sk, Russia",44.612,149.44,33,6,24-10-1999,04:21:41,18,Moyorodake [Medvezhia],45.389,148.838,07-10-1999,13-10-1999,98.62403645,6,-18
"21 km ENE of Palora, Ecuador",-1.648,-77.783,172.6,6,26-04-1999,18:17:26,161,Tungurahua,-1.467,-78.442,05-10-1999,08-07-2009,76.05010036,3564,161
"18 km E of Selfoss, Iceland",63.965,-20.633,10,5.7,17-06-2000,15:42:52,337,Katla,63.633,-19.083,17-07-1999,15-08-1999,84.67088124,29,-337
"6 km ESE of Puerto San José, Guatemala",13.897,-90.768,33,6.3,06-06-1999,07:08:05,17,Fuego,14.473,-90.88,21-05-1999,09-12-2000,65.24942346,568,-17
"13 km S of Amapala, Honduras",13.173,-87.634,38.4,6,03-04-1999,10:10:30,27,San Cristobal,12.702,-87.004,01-05-1999,16-06-2000,86.14455737,412,27
north of Severnaya Zemlya,85.644,86.259,10,5.8,28-03-1999,21:33:44,7,East Gakkel Ridge at 85°E,85.608,85.25,05-04-1999,15-04-1999,9.457249228,10,7
"153 km NNE of Laikit, Laikit II (Dimembe), Indonesia",2.683,125.674,114.2,5.5,16-03-1999,03:32:16,1,Karangetang,2.781,125.407,16-03-1999,28-10-2003,31.62943508,1687,-1
"51 km SSW of Sigli, Indonesia",4.931,95.848,33,5.5,15-02-1999,05:46:12,21,Peuet Sague,4.903,96.289,09-03-1999,30-04-1999,49.01044692,52,21
"79 km SW of Bandar Lampung, Indonesia",-5.885,104.711,101.4,6.4,14-08-1999,00:16:52,191,Krakatau,-6.102,105.423,05-02-1999,16-08-1999,82.44448724,192,-191
South Sandwich Islands region,-57.679,-27.078,150,5.5,03-04-1999,00:31:38,75,Saunders,-57.8,-26.483,19-01-1999,19-01-1999,37.83311263,0,-75
"37 km NE of ‘Ohonua, Tonga",-21.132,-174.659,33,6.1,24-01-1999,07:01:58,17,Unnamed,-20.852,-175.55,08-01-1999,14-01-1999,97.70751876,6,-17
"106 km WNW of Tobelo, Indonesia",2.077,127.115,84.6,5.9,13-12-1999,09:30:39,361,Ibu,1.488,127.63,18-12-1998,16-09-1999,87.07767771,272,-361
"44 km W of Kushiro, Japan",43.032,143.835,102.7,6.2,12-05-1999,17:59:22,185,Akan,43.384,144.013,09-11-1998,09-11-1998,41.76129781,0,-185
"85 km SW of False Pass, Alaska",54.224,-164.177,10,5.8,03-01-1998,23:02:11,304,Shishaldin,54.756,-163.97,04-11-1998,04-11-1998,60.71554337,0,304
"Volcano Islands, Japan region",24.821,141.746,525.3,6.4,07-02-1998,01:18:59,261,Kita-Ioto,25.424,141.284,27-10-1998,27-10-1998,81.69497071,0,261
"Izu Islands, Japan region",31.187,140.486,86,6.2,10-11-1997,23:06:44,350,Sumisujima,31.44,140.051,27-10-1998,13-01-1999,50.04698384,78,350
"Volcano Islands, Japan region",24.821,141.746,525.3,6.4,07-02-1998,01:18:59,250,Fukutoku-Oka-no-Ba,24.285,141.481,16-10-1998,12-01-1999,65.42277827,88,250
"51 km S of El Rosario, Nicaragua",11.321,-86.451,68.7,6,09-10-1998,11:54:36,26,Masaya,11.985,-86.165,14-09-1998,14-09-1998,80.22374315,0,-26
"74 km N of Opotiki, New Zealand",-37.341,177.333,155,5.7,18-08-1999,01:16:48,362,Whakaari/White Island,-37.52,177.18,22-08-1998,16-08-1999,24.08266164,359,-362
"78 km NW of Port-Vila, Vanuatu",-17.202,167.832,33,5.8,30-09-1998,03:03:56,77,Lopevi,-16.507,168.346,16-07-1998,25-04-2000,94.78559119,649,-77
"Volcano Islands, Japan region",24.821,141.746,525.3,6.4,07-02-1998,01:18:59,102,Kita-Ioto,25.424,141.284,21-05-1998,21-05-1998,81.69497071,0,102
"15 km SSE of Nishinoomote, Japan",30.618,131.086,33,6.4,24-01-1999,00:37:04,275,Kikai,30.793,130.305,25-04-1998,16-08-1999,77.24828596,478,-275
"47 km ENE of Meulaboh, Indonesia",4.358,96.494,33,6,20-08-1997,07:15:15,241,Peuet Sague,4.903,96.289,19-04-1998,26-04-1998,64.7928965,7,241
"39 km WSW of Loncopué, Argentina",-38.214,-71.033,138.4,6,14-12-1998,16:25:24,256,Llaima,-38.692,-71.729,03-04-1998,23-04-1998,80.70146084,20,-256
"Izu Islands, Japan region",31.187,140.486,86,6.2,10-11-1997,23:06:44,10,Sumisujima,31.44,140.051,21-11-1997,21-11-1997,50.04698384,0,10
"Volcano Islands, Japan region",23.913,141.907,95.6,6.3,01-01-1998,06:11:22,45,Fukutoku-Oka-no-Ba,24.285,141.481,18-11-1997,21-05-1998,59.90635599,184,-45
"22 km WSW of Hotaka, Japan",36.268,137.644,10,5.5,15-08-1998,18:31:08,291,Niigata-Yakeyama,36.921,138.036,29-10-1997,10-12-1997,80.69388787,42,-291
"8 km WSW of Yokote, Japan",39.296,140.461,133.6,5.6,26-10-1997,19:06:44,72,Akita-Yakeyama,39.964,140.757,16-08-1997,16-08-1997,78.57247036,0,-72
"10 km WSW of Soufrière, Dominica",15.191,-61.443,146.7,5.8,24-09-1996,11:42:18,293,"Watt, Morne",15.307,-61.305,15-07-1997,15-07-1997,19.65745672,0,293
"50 km SE of Porto Martins, Portugal",38.334,-26.684,10,5.9,27-06-1997,04:39:52,1,Don Joao de Castro Bank,38.23,-26.63,27-06-1997,16-07-1997,12.50191633,19,-1
"41 km SSW of Masachapa, Nicaragua",11.425,-86.61,33,5.6,07-04-1997,04:27:19,56,Masaya,11.985,-86.165,03-06-1997,17-11-1997,78.98767561,167,56
"85 km SW of False Pass, Alaska",54.224,-164.177,10,5.8,03-01-1998,23:02:11,216,Shishaldin,54.756,-163.97,02-06-1997,02-06-1997,60.71554337,0,-216
"24 km S of Corinto, Nicaragua",12.267,-87.204,59.1,5.6,08-05-1997,14:01:10,10,San Cristobal,12.702,-87.004,19-05-1997,07-07-1997,53.07914971,49,10
"8 km WSW of Yokote, Japan",39.296,140.461,133.6,5.6,26-10-1997,19:06:44,169,Akita-Yakeyama,39.964,140.757,11-05-1997,11-05-1997,78.57247036,0,-169
south of the Fiji Islands,-26.647,-177.162,33,5.9,23-07-1996,06:38:15,268,Monowai,-25.887,-177.188,18-04-1997,21-04-1997,84.64261416,3,268
"43 km SW of Labuan, Indonesia",-6.614,105.514,33,6.4,17-03-1997,08:05:48,2,Krakatau,-6.102,105.423,16-03-1997,16-05-1997,57.87793445,61,-2
"9 km SSW of Pujilí, Ecuador",-1.036,-78.737,33,6,28-03-1996,23:03:49,352,Guagua Pichincha,-0.171,-78.598,16-03-1997,18-10-1997,97.52651539,216,352
"Volcano Islands, Japan region",24.821,141.746,525.3,6.4,07-02-1998,01:18:59,335,Kita-Ioto,25.424,141.284,10-03-1997,10-03-1997,81.69497071,0,-335
"97 km SSW of Unalaska, Alaska",53.061,-167.094,43.7,5.5,08-08-1996,17:10:52,186,Okmok,53.43,-168.13,11-02-1997,19-05-1997,80.30899815,97,186
Solomon Islands,-9.32,157.239,10,6,03-06-1996,10:50:10,226,Kavachi,-8.991,157.979,16-01-1997,17-01-1997,89.19292576,1,226
"67 km NE of Naze, Japan",28.814,129.953,33,6.3,17-01-1997,15:53:13,23,Suwanosejima,29.638,129.714,26-12-1996,17-04-1997,94.62014273,112,-23
"12 km SSE of Masachapa, Nicaragua",11.682,-86.47,33,5.7,28-09-1996,12:17:59,67,Masaya,11.985,-86.165,05-12-1996,05-12-1996,47.34963429,0,67
"19 km NNW of Shibetsu, Japan",43.813,145.019,161,6.1,15-11-1997,07:05:16,360,Akan,43.384,144.013,21-11-1996,21-11-1996,94.11525535,0,-360
"225 km NE of Laikit, Laikit II (Dimembe), Indonesia",3.098,126.218,33,5.6,04-04-1996,11:11:19,179,Karangetang,2.781,125.407,01-10-1996,16-06-1997,96.82099462,258,179
"103 km SSE of Akureyri, Iceland",64.782,-17.566,10,5.6,29-09-1996,10:48:18,0,Grimsvotn,64.416,-17.316,30-09-1996,06-11-1996,42.45570617,37,0
south of the Fiji Islands,-26.647,-177.162,33,5.9,23-07-1996,06:38:15,58,Monowai,-25.887,-177.188,20-09-1996,22-09-1996,84.64261416,2,58
"177 km WSW of Nikolski, Alaska",52.168,-171.146,33,5.9,10-07-1996,05:48:19,68,Amukta,52.5,-171.252,17-09-1996,18-09-1996,37.65485261,1,68
"35 km SE of Muramatsu, Japan",37.485,139.48,138.9,5.7,03-12-1996,15:49:12,94,Adatarayama,37.647,140.281,01-09-1996,01-09-1996,72.94242959,0,-94
"5 km ENE of Sungai Penuh, Indonesia",-2.045,101.436,33,6.8,06-10-1995,18:09:45,314,Kerinci,-1.697,101.264,16-08-1996,16-10-1996,43.20807965,61,314
"43 km SW of Labuan, Indonesia",-6.614,105.514,33,6.4,17-03-1997,08:05:48,245,Krakatau,-6.102,105.423,16-07-1996,16-10-1996,57.87793445,92,-245
"81 km ESE of Lakatoro, Vanuatu",-16.413,168.108,33,5.8,22-06-1995,07:57:10,359,Ambrym,-16.25,168.12,16-06-1996,16-08-2005,18.19030437,3348,359
"15 km S of Parrita, Costa Rica",9.379,-84.313,33,5.9,28-08-1996,17:16:17,143,Poas,10.2,-84.233,08-04-1996,08-04-1996,91.81367208,0,-143
"233 km SSE of Isangel, Vanuatu",-21.474,170.176,104.8,6.3,09-10-1995,13:43:41,131,Eastern Gemini Seamount,-20.98,170.28,18-02-1996,22-02-1996,56.0407175,4,131
"Izu Islands, Japan region",31.555,139.931,33,5.7,04-09-1996,18:16:01,227,Sumisujima,31.44,140.051,22-01-1996,22-01-1996,17.13535064,0,-227
"106 km NE of Yelizovo, Russia",53.826,159.586,33,6.6,01-01-1996,09:57:51,0,Akademia Nauk,53.98,159.45,02-01-1996,03-01-1996,19.32474942,1,0
"106 km NE of Yelizovo, Russia",53.826,159.586,33,6.6,01-01-1996,09:57:51,0,Karymsky,54.049,159.443,02-01-1996,20-12-2000,26.53402657,1814,0
"80 km SE of Kokopo, Papua New Guinea",-4.946,152.682,103.9,5.6,09-03-1996,15:19:39,103,Rabaul,-4.271,152.203,28-11-1995,05-09-2001,92.03786995,2108,-103
south of the Fiji Islands,-25.758,-177.522,147.9,6.2,14-10-1995,08:00:49,43,Monowai,-25.887,-177.188,27-11-1995,30-11-1995,36.41881829,3,43
"146 km N of Laikit, Laikit II (Dimembe), Indonesia",2.798,125.167,151.1,5.9,04-03-1996,15:59:05,117,Karangetang,2.781,125.407,09-11-1995,17-12-1995,26.75203929,38,-117
"18 km SE of Altagracia, Nicaragua",11.435,-85.471,192.6,5.6,18-09-1996,17:34:20,318,Rincon de la Vieja,10.83,-85.324,06-11-1995,13-11-1995,69.23573115,7,-318
"10 km ENE of Aluminé, Argentina",-39.187,-70.811,161.8,6,20-10-1994,01:15:16,357,Llaima,-38.692,-71.729,13-10-1995,22-10-1995,96.71669055,9,357
"142 km N of Calama, Chile",-21.194,-68.672,112.2,5.6,19-09-1995,03:31:53,19,Irruputuncu,-20.73,-68.55,01-09-1995,26-09-1995,53.18637228,25,-19
"30 km NNE of Anse-Bertrand, Guadeloupe",16.714,-61.367,67.6,5.5,23-07-1994,07:22:05,359,Soufriere Hills,16.72,-62.18,18-07-1995,08-10-2003,86.6803589,3004,359
"83 km NNE of Opotiki, New Zealand",-37.282,177.523,33,6.5,15-12-1994,11:20:22,194,Whakaari/White Island,-37.52,177.18,28-06-1995,29-06-1995,40.27386102,1,194
"126 km WSW of Adak, Alaska",51.485,-178.36,29.3,5.5,23-04-1996,20:03:25,310,Kanaga,51.923,-177.168,19-06-1995,23-06-1995,95.59945301,4,-310
"150 km W of Neiafu, Tonga",-18.686,-175.409,224.5,6,25-08-1995,16:51:46,81,Lateiki,-19.18,-174.87,06-06-1995,23-06-1995,79.02663083,17,-81
"30 km WSW of Villa El Carmen, Nicaragua",11.905,-86.772,33,6.7,03-03-1996,16:37:31,280,"Negro, Cerro",12.506,-86.702,29-05-1995,06-12-1995,67.33512842,191,-280
South Sandwich Islands region,-57.283,-25.51,33,5.7,27-12-1995,15:21:20,256,Saunders,-57.8,-26.483,16-04-1995,16-02-1998,81.79971852,1037,-256
"10 km ENE of Aluminé, Argentina",-39.187,-70.811,161.8,6,20-10-1994,01:15:16,176,Villarrica,-39.42,-71.93,15-04-1995,02-06-1995,99.81772696,48,176
"27 km NNE of Port-Olry, Vanuatu",-14.802,167.148,134.6,5.9,16-08-1995,11:21:42,168,Ambae,-15.389,167.835,02-03-1995,03-03-1995,98.59932188,1,-168
"18 km ENE of Rapu-Rapu, Philippines",13.259,124.281,75.9,6.2,09-06-1994,16:22:22,170,Bulusan,12.769,124.056,27-11-1994,28-01-1995,59.75663611,62,170
"72 km SE of San Pedro de Atacama, Chile",-23.366,-67.688,147.4,6,14-02-1995,15:53:55,94,Lascar,-23.37,-67.73,13-11-1994,20-07-1995,4.314959924,249,-94
"10 km ENE of Aluminé, Argentina",-39.187,-70.811,161.8,6,20-10-1994,01:15:16,25,Villarrica,-39.42,-71.93,26-09-1994,30-12-1994,99.81772696,95,-25
"43 km N of Rabaul, Papua New Guinea",-3.804,152.148,8.8,6.1,15-10-1994,00:39:25,27,Rabaul,-4.271,152.203,19-09-1994,16-04-1995,52.34372037,209,-27
"26 km SE of Klyuchi, Russia",56.17,161.169,95.2,5.8,24-05-1994,21:13:19,106,Klyuchevskoy,56.056,160.642,08-09-1994,14-01-1995,35.08469173,128,106
"42 km W of Villa El Carmen, Nicaragua",11.943,-86.893,33,5.6,12-03-1994,23:00:28,140,Telica,12.606,-86.84,31-07-1994,12-08-1994,74.02963817,12,140
"72 km SE of San Pedro de Atacama, Chile",-23.366,-67.688,147.4,6,14-02-1995,15:53:55,210,Lascar,-23.37,-67.73,20-07-1994,26-07-1994,4.314959924,6,-210
"26 km SE of Klyuchi, Russia",56.17,161.169,95.2,5.8,24-05-1994,21:13:19,43,Bezymianny,55.972,160.595,07-07-1994,05-10-1994,41.92628491,90,43
"57 km NNW of Labuan Lombok, Indonesia",-8.012,116.494,231.8,5.8,20-03-1995,08:14:51,291,Rinjani,-8.42,116.47,03-06-1994,21-11-1994,45.49526052,171,-291
"10 km ENE of Aluminé, Argentina",-39.187,-70.811,161.8,6,20-10-1994,01:15:16,157,Llaima,-38.692,-71.729,17-05-1994,30-08-1994,96.71669055,105,-157
"New Britain region, Papua New Guinea",-5.472,151.841,17.5,6.2,13-06-1994,21:15:02,56,Ulawun,-5.05,151.33,19-04-1994,16-06-1994,73.58954196,58,-56
"3 km S of La Suiza, Costa Rica",9.821,-83.622,19.5,5.8,10-07-1993,20:40:58,248,Poas,10.2,-84.233,16-03-1994,16-10-1994,79.16060693,214,248
"28 km WSW of Hastings, New Zealand",-39.744,176.542,32.8,5.7,11-04-1993,06:59:48,306,Ruapehu,-39.28,175.57,12-02-1994,01-04-1994,98.16432648,48,306
"36 km NNE of Sofifi, Indonesia",1.015,127.733,19.9,7,21-01-1994,02:24:29,6,Gamalama,0.8,127.33,16-01-1994,15-10-1994,50.84182695,272,-6
"106 km WSW of Adak, Alaska",51.414,-177.976,33,5.6,12-11-1993,11:16:33,53,Kanaga,51.923,-177.168,05-01-1994,26-11-1994,79.5136144,325,53
"137 km N of Lae, Papua New Guinea",-5.485,147.094,177.7,5.5,07-05-1994,23:16:46,186,Long Island,-5.358,147.12,03-11-1993,25-11-1993,14.42821071,22,-186
"26 km SE of Klyuchi, Russia",56.17,161.169,95.2,5.8,24-05-1994,21:13:19,216,Bezymianny,55.972,160.595,21-10-1993,04-02-1994,41.92628491,106,-216
"41 km NE of Naisano Dua, Indonesia",-9.295,123.987,95.2,5.5,29-12-1992,21:17:31,259,Iliwerung,-8.53,123.57,15-09-1993,19-09-1993,96.72232656,4,259
"79 km SW of False Pass, Alaska",54.287,-164.164,30.3,6.5,19-11-1993,01:43:23,77,Shishaldin,54.756,-163.97,04-09-1993,29-10-1993,53.69231238,55,-77
"47 km WSW of Tola, Nicaragua",11.242,-86.321,33,5.8,13-09-1993,22:58:13,90,Masaya,11.985,-86.165,16-06-1993,16-11-1994,84.44142226,518,-90
"89 km E of Atka, Alaska",52.172,-172.889,33,5.7,22-03-1993,18:23:50,66,Seguam,52.315,-172.51,28-05-1993,31-08-1993,30.34402077,95,66
"Halmahera, Indonesia",1.559,127.248,94.6,5.6,30-05-1993,17:13:19,25,Gamalama,0.8,127.33,06-05-1993,21-05-1993,84.98293919,15,-25
"28 km W of Tena, Ecuador",-1.011,-78.064,11.6,5.9,26-12-1992,14:57:38,130,Tungurahua,-1.467,-78.442,06-05-1993,06-05-1993,65.92825198,0,130
"2 km ENE of Gutad, Philippines",14.937,120.51,33.7,5.6,09-04-1993,11:35:38,53,Pinatubo,15.13,120.35,16-02-1993,16-07-1993,27.52240297,150,-53
"3 km NNW of Pamplona, Philippines",13.619,123.072,17.9,5.6,03-02-1993,16:51:46,2,Mayon,13.257,123.685,02-02-1993,04-04-1993,77.64623914,61,-2
"Pagan region, Northern Mariana Islands",18.414,145.734,151.1,6.4,18-01-1993,01:18:06,4,Pagan,18.13,145.8,15-01-1993,16-11-1993,32.37537385,305,-4
"115 km E of Kimbe, Papua New Guinea",-5.425,151.175,49.5,6.2,06-10-1992,10:28:22,97,Ulawun,-5.05,151.33,12-01-1993,31-01-1993,45.14272542,19,97
"89 km E of Atka, Alaska",52.172,-172.889,33,5.7,22-03-1993,18:23:50,86,Seguam,52.315,-172.51,27-12-1992,30-12-1992,30.34402077,3,-86
"47 km SSW of Labuan, Indonesia",-6.74,105.602,37.4,5.8,18-10-1992,17:42:51,19,Krakatau,-6.102,105.423,07-11-1992,16-10-1993,73.73048252,343,19
"5 km SW of Río Segundo, Costa Rica",10.21,-84.323,78.9,6.6,07-03-1992,01:53:37,222,Poas,10.2,-84.233,16-10-1992,16-09-1993,9.922898233,335,222
"Izu Islands, Japan region",31.344,140.885,52.1,5.5,11-06-1992,18:29:40,54,Sumisujima,31.44,140.051,05-08-1992,07-10-1992,79.96787279,63,54
"2 km ENE of Gutad, Philippines",14.937,120.51,33.7,5.6,09-04-1993,11:35:38,275,Pinatubo,15.13,120.35,09-07-1992,30-10-1992,27.52240297,113,-275
"163 km N of Nikolski, Alaska",54.389,-169.296,274.8,6,14-08-1991,12:53:26,326,Bogoslof,53.93,-168.03,06-07-1992,24-07-1992,97.05537332,18,326
"Pagan region, Northern Mariana Islands",18.506,145.668,192,6,26-10-1991,02:27:31,169,Pagan,18.13,145.8,13-04-1992,13-04-1992,44.11944145,0,169
"24 km SSE of Corinto, Nicaragua",12.278,-87.091,76.3,5.7,27-04-1992,08:29:53,19,"Negro, Cerro",12.506,-86.702,09-04-1992,14-04-1992,49.32546589,5,-19
"59 km S of Akutan, Alaska",53.597,-165.734,44.2,6,13-02-1992,02:38:18,23,Akutan,54.134,-165.986,08-03-1992,21-05-1992,62.0250269,74,23
"5 km SW of Río Segundo, Costa Rica",10.21,-84.323,78.9,6.6,07-03-1992,01:53:37,21,Poas,10.2,-84.233,16-02-1992,16-03-1992,9.922898233,29,-21
Kerguelen Islands region,-52.893,72.918,10,5.5,18-12-1992,12:02:19,337,Heard,-53.106,73.513,17-01-1992,18-01-1992,46.38050799,1,-337
"20 km ENE of Augusta, Italy",37.3,15.438,11.1,5.6,13-12-1990,00:24:25,365,Etna,37.748,14.999,14-12-1991,30-03-1993,63.16088951,472,365
"Izu Islands, Japan region",31.344,140.885,52.1,5.5,11-06-1992,18:29:40,220,Sumisujima,31.44,140.051,05-11-1991,05-11-1991,79.96787279,0,-220
"59 km S of Akutan, Alaska",53.597,-165.734,44.2,6,13-02-1992,02:38:18,152,Akutan,54.134,-165.986,15-09-1991,29-10-1991,62.0250269,44,-152
"32 km SW of Coyhaique, Chile",-45.815,-72.299,10,5.7,15-08-1991,12:16:15,8,"Hudson, Cerro",-45.9,-72.97,08-08-1991,27-10-1991,52.87460869,80,-8
"147 km NNE of Laikit, Laikit II (Dimembe), Indonesia",2.617,125.687,79.2,5.6,12-06-1992,11:06:30,347,Karangetang,2.781,125.407,02-07-1991,31-12-1993,36.09260534,913,-347
"91 km NNW of Ternate, Indonesia",1.562,127.093,129.9,5.6,19-02-1991,13:16:29,115,Gamalama,0.8,127.33,15-06-1991,15-06-1991,88.8318593,0,115
"88 km WSW of Tomohon, Indonesia",1.116,124.034,33,6.2,13-12-1990,12:26:40,159,Soputan,1.112,124.737,22-05-1991,29-09-1996,78.24407749,1957,159
"88 km WSW of Tomohon, Indonesia",1.116,124.034,33,6.2,13-12-1990,12:26:40,154,Lokon-Empung,1.358,124.792,17-05-1991,16-01-1992,88.55739199,244,154
"15 km N of Nandayure, Costa Rica",10.174,-85.184,33.3,6.3,16-03-1991,06:02:10,51,Rincon de la Vieja,10.83,-85.324,07-05-1991,16-09-1992,74.61600354,498,51
"128 km WNW of Malango, Solomon Islands",-9.283,158.62,25.6,5.5,26-09-1991,09:14:50,146,Kavachi,-8.991,157.979,04-05-1991,16-09-1991,77.58762137,135,-146
"17 km WNW of Babo-Pangulo, Philippines",15.119,120.355,10,5.6,15-06-1991,11:15:28,75,Pinatubo,15.13,120.35,02-04-1991,02-09-1991,1.337215641,153,-75
"155 km NE of Port Blair, India",12.525,93.874,116.9,5.5,10-07-1991,09:49:25,101,Barren Island,12.278,93.858,01-04-1991,31-10-1991,27.55088632,213,-101
"13 km SE of Los Chiles, Costa Rica",10.939,-84.637,196.5,6.2,01-03-1991,17:30:26,4,Poas,10.2,-84.233,06-03-1991,16-09-1991,93.3918794,194,4
"82 km ENE of Severo-Kuril’sk, Russia",50.907,157.244,50.6,5.5,10-03-1990,10:15:03,311,Ebeko,50.686,156.014,16-01-1991,16-01-1991,89.97329033,0,311
"97 km ENE of Petropavlovsk-Kamchatsky, Russia",53.34,160.03,27.1,5.8,01-03-1990,02:23:23,317,Avachinsky,53.256,158.836,13-01-1991,30-01-1991,79.98485135,17,317
Pacific-Antarctic Ridge,-55.981,-143.243,10,5.5,29-10-1990,06:42:41,1,Udintsev Transform,-56.153,-143.373,29-10-1990,19-11-1990,20.7813627,21,-1
